LastUpdate,extractionDate,institutionId,EmergencyType.Code,EmergencyType.Description,Triage.Red.Time,Triage.Red.Length,Triage.Orange.Time,Triage.Orange.Length,Triage.Yellow.Time,Triage.Yellow.Length,Triage.Green.Time,Triage.Green.Length,Triage.Blue.Time,Triage.Blue.Length
2025-02-16T11:25:53.679,2025-02-16T11:37:54.852Z,151,1,Urgência Geral,0,0,326,0,354,1,373,2,0,0
2025-02-16T11:26:14.113,2025-02-16T11:38:10.288Z,169,3,Urgencia Obstetrica,0,0,0,0,0,0,1432,1,0,0
2025-02-16T11:26:56.309,2025-02-16T11:38:10.416Z,168,2,Urgencia Pediatrica,0,0,0,1,415,1,904,0,0,0
2025-02-16T11:28:40.638,2025-02-16T11:38:10.521Z,211,URGGER,Urgência Polivalente,0,0,171,0,405,1,0,0,0,0
2025-02-16T11:28:40.669,2025-02-16T11:38:10.521Z,211,URGGER,Urgência Polivalente,0,0,0,0,1373,0,0,0,0,0
2025-02-16T11:28:40.685,2025-02-16T11:38:10.521Z,211,URGGER,Urgência Polivalente,0,0,0,0,0,0,0,0,0,0
2025-02-16T11:28:40.717,2025-02-16T11:38:10.521Z,211,URGGER,Urgência Polivalente,0,0,0,0,365,0,944,0,0,0
2025-02-16T11:28:40.748,2025-02-16T11:38:10.521Z,211,URGGER,Urgência Polivalente,0,0,0,0,0,0,0,0,0,0
2025-02-16T11:28:40.779,2025-02-16T11:38:10.521Z,211,URGGER,Urgência Polivalente,0,0,0,0,0,0,0,0,0,1
2025-02-16T11:28:32.414,2025-02-16T11:38:10.842Z,213,1,Urgência Geral,0,0,1403,0,4246,4,11947,8,0,0
2025-02-16T11:28:32.383,2025-02-16T11:38:10.842Z,213,2,Urgência Pediátrica,0,0,0,0,839,1,545,2,0,0
2025-02-16T11:28:32.446,2025-02-16T11:38:10.842Z,213,10,Urgência Obstétrica / Ginecológica ,0,0,0,0,0,0,0,0,0,0
2025-02-16T11:28:32.43,2025-02-16T11:38:26.247Z,222,1,Urgência Geral,0,0,0,0,2524,3,2489,6,0,0
2025-02-16T11:31:12.787,2025-02-16T11:38:26.351Z,541,1,Urgência Geral,0,0,290,0,152,0,998,2,0,0
2025-02-16T11:29:16.352,2025-02-16T11:38:26.455Z,141,1,Urgência Geral,0,0,0,0,744,3,603,2,0,0
2025-02-16T11:29:33.615,2025-02-16T11:38:26.628Z,205,1,Urgência Geral,0,0,309,0,719,1,1954,2,0,0
2025-02-16T11:29:33.631,2025-02-16T11:38:26.628Z,205,2,Urgência Pediátrica,0,0,0,0,464,1,641,3,0,0
2025-02-16T11:29:33.584,2025-02-16T11:38:26.628Z,205,3,Urgência Obstétrica,0,0,0,0,0,0,0,0,0,0
2025-02-16T11:27:24.06,2025-02-16T11:38:26.832Z,145,1,Urgência Geral,0,0,106,0,855,3,1311,1,0,0
2025-02-16T11:27:24.201,2025-02-16T11:38:26.832Z,145,2,Urgência Pediátrica,0,0,0,0,400,0,1467,1,0,0
2025-02-16T11:27:24.107,2025-02-16T11:38:26.832Z,145,3,Urgência Obstétrica,0,0,0,0,0,0,0,0,0,0
2025-02-16T11:27:24.154,2025-02-16T11:38:26.832Z,145,5,Urgência Pedopsiquiátrica,0,0,0,0,0,0,0,0,0,0
2025-02-16T11:27:24.232,2025-02-16T11:38:27.082Z,318,1,Urgência Geral,0,0,0,0,360,1,0,0,0,0
2025-02-16T11:30:21.851,2025-02-16T11:38:42.524Z,184,31,SERVICO URGENCIA BASICO,0,0,720,0,4380,8,0,0,0,0
2025-02-16T11:30:46.979,2025-02-16T11:38:42.636Z,6578,URGGER,Urgência Geral,0,0,1058,1,1101,1,0,0,0,0
2025-02-16T11:30:47.042,2025-02-16T11:38:42.636Z,6578,URGGER,Urgência Geral,0,0,344,0,1252,0,0,0,0,0
2025-02-16T11:30:46.995,2025-02-16T11:38:42.636Z,6578,URGGER,Urgência Geral,0,0,0,0,0,0,0,0,0,0
2025-02-16T11:30:47.011,2025-02-16T11:38:42.636Z,6578,URGGER,Urgência Geral,0,0,0,0,0,0,0,0,0,0
2025-02-16T11:30:47.292,2025-02-16T11:38:42.636Z,6578,URGGIN,Urgência Obstétrica/Ginecológica,0,0,0,0,0,0,0,0,0,0
2025-02-16T11:30:47.229,2025-02-16T11:38:42.636Z,6578,URGGIN,Urgência Obstétrica/Ginecológica,0,0,0,0,0,0,0,0,0,0
2025-02-16T11:30:47.198,2025-02-16T11:38:42.636Z,6578,URGGIN,Urgência Obstétrica/Ginecológica,0,0,0,0,0,0,0,0,0,0
2025-02-16T11:30:47.136,2025-02-16T11:38:42.636Z,6578,URGGIN,Urgência Obstétrica/Ginecológica,0,0,0,0,0,0,0,0,0,0
2025-02-16T11:30:47.182,2025-02-16T11:38:42.636Z,6578,URGGIN,Urgência Obstétrica/Ginecológica,0,0,0,0,0,0,0,0,0,0
2025-02-16T11:30:47.261,2025-02-16T11:38:42.636Z,6578,URGGIN,Urgência Obstétrica/Ginecológica,0,0,0,0,0,0,0,0,0,0
2025-02-16T11:30:47.245,2025-02-16T11:38:42.636Z,6578,URGGIN,Urgência Obstétrica/Ginecológica,0,0,0,0,0,0,0,0,0,0
2025-02-16T11:30:47.104,2025-02-16T11:38:42.636Z,6578,URGGIN,Urgência Obstétrica/Ginecológica,0,0,0,0,0,0,0,0,0,0
2025-02-16T11:30:47.089,2025-02-16T11:38:42.636Z,6578,URGGIN,Urgência Obstétrica/Ginecológica,0,0,0,0,0,0,0,0,0,0
2025-02-16T11:30:47.151,2025-02-16T11:38:42.636Z,6578,URGGIN,Urgência Obstétrica/Ginecológica,0,0,0,0,0,0,0,0,0,0
2025-02-16T11:30:47.057,2025-02-16T11:38:42.636Z,6578,URGGIN,Urgência Obstétrica/Ginecológica,0,0,0,0,0,0,0,0,0,0
2025-02-16T11:30:54.444,2025-02-16T11:38:43.358Z,191,1,Urgência Geral,0,0,1351,0,2171,9,5774,3,0,0
2025-02-16T11:33:14.267,2025-02-16T11:38:43.462Z,219,1,Urgência Geral,0,0,1072,0,2397,7,5642,7,0,0
2025-02-16T11:33:14.22,2025-02-16T11:38:43.462Z,219,2,Urgência Pediátrica,0,0,0,0,2925,0,876,1,0,0
2025-02-16T11:33:14.252,2025-02-16T11:38:43.462Z,219,10,Urgência Obstétrica / Ginecológica ,0,0,0,0,0,0,0,0,0,0
2025-02-16T11:34:15.174,2025-02-16T11:38:43.657Z,177,1,Urgência Geral,0,0,615,0,582,0,676,0,0,0
2025-02-16T11:26:27.691,2025-02-16T11:38:43.929Z,189,1,Urgência Geral,0,0,358,0,2934,9,1492,1,0,0
2025-02-16T11:26:27.738,2025-02-16T11:38:43.929Z,189,2,Urgência Pediátrica,0,0,0,0,855,2,0,0,0,0
2025-02-16T11:26:27.638,2025-02-16T11:38:43.929Z,189,3,Urgência Obstétrica,0,0,0,0,1405,0,2937,0,0,0
2025-02-16T11:26:27.753,2025-02-16T11:38:43.929Z,189,4,Urgência Ginecológica,0,0,0,0,0,0,0,0,0,0
2025-02-16T11:28:40.889,2025-02-16T11:38:44.215Z,208,URGPED,Urgência Pediátrica,0,0,0,0,0,0,0,0,0,0
2025-02-16T11:28:40.92,2025-02-16T11:38:44.215Z,208,URGPED,Urgência Pediátrica,0,0,0,0,0,0,1551,4,2345,1
2025-02-16T11:28:40.951,2025-02-16T11:38:44.215Z,208,URGPED,Urgência Pediátrica,0,0,0,0,3013,1,0,0,1134,1
2025-02-16T11:28:40.982,2025-02-16T11:38:44.215Z,208,URGPED,Urgência Pediátrica,0,0,0,0,0,0,0,0,0,0
2025-02-16T11:28:40.998,2025-02-16T11:38:44.215Z,208,URGPED,Urgência Pediátrica,0,0,0,0,1740,4,3221,3,0,0
2025-02-16T11:29:17.149,2025-02-16T11:38:44.492Z,186,1,Urgencia Geral,0,0,1132,0,1749,1,4689,1,0,0
2025-02-16T11:29:38.434,2025-02-16T11:38:44.589Z,223,1,Urgência Geral,0,0,360,2,15180,11,17460,13,47160,0
2025-02-16T11:29:38.512,2025-02-16T11:38:44.589Z,223,1,Urgência Geral,0,0,0,0,780,0,0,1,0,0
2025-02-16T11:29:38.543,2025-02-16T11:38:44.589Z,223,1,Urgência Geral,0,0,0,0,120,0,300,0,0,0
2025-02-16T11:29:38.59,2025-02-16T11:38:44.589Z,223,1,Urgência Geral,0,0,0,0,0,0,0,0,0,0
2025-02-16T11:29:38.621,2025-02-16T11:38:44.589Z,223,1,Urgência Geral,0,0,0,0,0,0,0,0,0,0
2025-02-16T11:29:38.653,2025-02-16T11:38:44.589Z,223,2,Urgência Pediátrica,0,0,0,0,0,0,0,0,0,0
2025-02-16T11:29:38.684,2025-02-16T11:38:44.589Z,223,3,Urgência Obstétrica e Ginecológica,0,0,0,0,2100,3,0,0,0,0
2025-02-16T11:29:38.732,2025-02-16T11:38:44.589Z,223,4,Serviço de Urgência Básica,0,0,720,1,180,1,2040,13,0,0
2025-02-16T11:26:06.797,2025-02-16T11:39:00.372Z,333,1,Urgência Geral,0,0,641,0,699,3,1398,2,0,0
2025-02-16T11:33:01.088,2025-02-16T11:39:00.484Z,146,GER,Urgência Geral,0,0,640,0,6343,14,4970,6,0,0
2025-02-16T11:33:00.979,2025-02-16T11:39:00.484Z,146,PED,Urgência de Pediatria,0,0,480,0,1282,1,1297,1,0,0
2025-02-16T11:30:21.914,2025-02-16T11:39:00.632Z,178,1,URGENCIA PEDIATRICA,0,0,0,0,60,0,300,1,0,0
2025-02-16T11:30:21.601,2025-02-16T11:39:00.632Z,178,5,EMERGENCIA,0,0,3600,0,2040,4,1500,1,0,0
2025-02-16T11:30:21.663,2025-02-16T11:39:00.632Z,178,5,EMERGENCIA,0,0,0,0,0,0,0,0,0,0
2025-02-16T11:30:21.726,2025-02-16T11:39:00.632Z,178,5,EMERGENCIA,0,0,480,0,0,0,0,0,0,0
2025-02-16T11:30:21.789,2025-02-16T11:39:16.033Z,185,21,SERVICO URGENCIA BASICO,0,0,0,0,180,1,180,0,0,0
2025-02-16T11:30:45.016,2025-02-16T11:39:16.166Z,173,1,Urgência Geral,0,0,186,0,413,1,205,1,0,0
2025-02-16T11:30:44.993,2025-02-16T11:39:16.166Z,173,2,Urgência Pediátrica,0,0,0,0,720,0,383,0,0,0
2025-02-16T11:30:54.507,2025-02-16T11:39:16.323Z,405,1,Urgência Geral,0,0,0,0,28,0,0,0,0,0
2025-02-16T11:29:43.226,2025-02-16T11:39:16.427Z,135,1,Urgência Geral,0,0,142,0,274,0,713,0,0,0
2025-02-16T11:29:43.193,2025-02-16T11:39:16.529Z,137,1,Urgência Geral,0,0,1030,0,3832,2,7762,1,0,0
2025-02-16T11:34:15.154,2025-02-16T11:39:16.634Z,220,1,Urgência Geral,0,0,1325,0,1711,2,2214,0,0,0
2025-02-16T11:34:15.204,2025-02-16T11:39:16.634Z,220,2,Urgência Pediátrica,0,0,0,0,1442,0,295,0,0,0
2025-02-16T11:34:15.189,2025-02-16T11:39:16.634Z,220,10,Urgência Obstétrica / Ginecológica ,0,0,0,0,0,0,0,0,0,0
2025-02-16T11:34:15.236,2025-02-16T11:39:16.832Z,2564,1,Urgência Geral,0,0,21149,0,3259,3,0,4,0,0
2025-02-16T11:34:15.092,2025-02-16T11:39:16.832Z,2564,2,Urgência Pediátrica,0,0,0,0,133,0,418,0,0,0
2025-02-16T11:34:15.123,2025-02-16T11:39:16.832Z,2564,10,Urgência Obstétrica / Ginecológica ,0,0,0,0,0,0,0,0,0,0
2025-02-16T11:26:35.201,2025-02-16T11:39:32.360Z,171,1,Urgencia Geral,0,0,755,0,1018,6,2588,3,1016,0
2025-02-16T11:37:38.618,2025-02-16T11:39:33.273Z,172,3,Urgencia Obstetrica,0,0,0,0,0,0,1837,1,0,0
2025-02-16T11:21:37.738,2025-02-16T11:39:33.378Z,238,CHUA050D,Urgência Geral,0,0,0,0,0,0,0,0,0,0
2025-02-16T11:21:37.785,2025-02-16T11:39:33.378Z,238,CHUA050D,Urgência Geral,0,0,0,0,0,0,0,0,0,0
2025-02-16T11:21:38.02,2025-02-16T11:39:33.378Z,238,CHUA050D,Urgência Geral,0,0,187,0,136,0,297,2,0,0
2025-02-16T11:21:37.957,2025-02-16T11:39:33.378Z,238,CHUA050D,Urgência Geral,0,0,1511,1,25150,9,0,0,0,0
2025-02-16T11:21:37.848,2025-02-16T11:39:33.378Z,238,CHUA75E4,Urgência Pediatria,0,0,0,0,0,0,0,0,0,0
2025-02-16T11:28:57.424,2025-02-16T11:39:33.702Z,234,1,Urgência Geral,0,0,0,0,2452,1,6081,4,0,0
2025-02-16T11:28:57.346,2025-02-16T11:39:33.702Z,234,2,Urgência Pediátrica,0,0,0,0,798,0,0,0,0,0
2025-02-16T11:28:57.362,2025-02-16T11:39:33.702Z,234,3,Urgência Obstétrica,0,0,0,0,392,0,0,0,0,0
2025-02-16T11:29:16.383,2025-02-16T11:39:33.899Z,147,1,Urgência Geral,0,0,1124,0,639,1,480,3,601,0
2025-02-16T11:29:16.336,2025-02-16T11:39:33.899Z,147,2,Urgência Pediátrica,0,0,0,0,1396,1,832,2,0,0
2025-02-16T11:29:16.399,2025-02-16T11:39:33.899Z,147,3,Urgência Obstétrica,0,0,0,0,0,1,0,0,0,0
2025-02-16T11:27:24.185,2025-02-16T11:39:34.340Z,431,1,Urgência Geral,0,0,211,0,898,1,2134,6,0,0
2025-02-16T11:35:31.324,2025-02-16T11:39:34.447Z,179,9,Urgência Psiquiátrica,0,0,0,0,96,0,325,1,0,0
2025-02-16T11:29:58.429,2025-02-16T11:39:34.447Z,179,CHTV289C,SU Pediátrica,0,0,0,0,1285,1,3415,8,0,0
2025-02-16T11:29:57.71,2025-02-16T11:39:34.447Z,179,CHTV6429,SU Geral,0,0,0,0,0,0,0,0,0,0
2025-02-16T11:29:57.663,2025-02-16T11:39:34.447Z,179,CHTV6429,SU Geral,0,0,0,0,0,0,0,0,0,0
2025-02-16T11:29:58.273,2025-02-16T11:39:34.447Z,179,CHTV6429,SU Geral,0,0,0,0,0,0,0,0,0,0
2025-02-16T11:29:58.308,2025-02-16T11:39:34.447Z,179,CHTV6429,SU Geral,0,0,415,0,1610,0,3394,17,0,1
2025-02-16T11:29:58.059,2025-02-16T11:39:34.447Z,179,CHTV6429,SU Geral,0,0,0,0,0,0,0,0,0,0
2025-02-16T11:29:57.444,2025-02-16T11:39:34.447Z,179,CHTV6429,SU Geral,0,0,0,0,0,0,0,0,0,0
2025-02-16T11:29:58.382,2025-02-16T11:39:34.447Z,179,CHTV6429,SU Geral,0,0,0,0,0,0,0,0,0,0
2025-02-16T11:29:57.085,2025-02-16T11:39:34.447Z,179,CHTV6429,SU Geral,0,0,0,0,0,0,0,0,0,0
2025-02-16T11:29:57.177,2025-02-16T11:39:34.447Z,179,CHTV6429,SU Geral,0,0,0,0,0,0,0,0,0,0
2025-02-16T11:29:58.211,2025-02-16T11:39:34.447Z,179,CHTV6429,SU Geral,0,0,0,0,0,0,0,0,0,0
2025-02-16T11:29:57.241,2025-02-16T11:39:34.447Z,179,CHTV6429,SU Geral,0,0,0,0,0,0,0,0,0,0
2025-02-16T11:29:57.366,2025-02-16T11:39:34.447Z,179,CHTV6429,SU Geral,0,0,0,0,0,0,0,0,0,0
2025-02-16T11:29:57.539,2025-02-16T11:39:34.447Z,179,CHTV6429,SU Geral,0,0,0,0,0,0,0,0,0,0
2025-02-16T11:29:57.914,2025-02-16T11:39:34.447Z,179,CHTV6429,SU Geral,0,0,0,0,0,0,0,0,0,0
2025-02-16T11:29:57.96,2025-02-16T11:39:34.447Z,179,CHTV6429,SU Geral,0,0,0,0,0,0,0,0,0,0
2025-02-16T11:29:58.152,2025-02-16T11:39:34.447Z,179,CHTV6429,SU Geral,0,0,0,0,0,0,0,0,0,0
2025-02-16T11:29:57.996,2025-02-16T11:39:34.447Z,179,CHTV6429,SU Geral,0,0,0,0,0,0,0,0,0,0
2025-02-16T11:29:57.397,2025-02-16T11:39:34.447Z,179,CHTV6429,SU Geral,0,0,0,0,0,0,0,0,0,0
2025-02-16T11:29:19.108,2025-02-16T11:39:34.447Z,179,CHTV6429,SU Geral,0,0,0,0,0,0,0,0,0,0
2025-02-16T11:29:57.867,2025-02-16T11:39:34.447Z,179,CHTV6429,SU Geral,0,0,0,0,0,0,0,0,0,0
2025-02-16T11:29:57.601,2025-02-16T11:39:34.447Z,179,CHTV6429,SU Geral,0,0,0,0,0,0,0,0,0,0
2025-02-16T11:29:57.819,2025-02-16T11:39:34.447Z,179,CHTV6429,SU Geral,0,0,0,0,0,0,0,0,0,0
2025-02-16T11:29:58.105,2025-02-16T11:39:34.447Z,179,CHTV6429,SU Geral,0,0,0,0,0,0,0,0,0,0
2025-02-16T11:29:18.749,2025-02-16T11:39:34.447Z,179,CHTV6429,SU Geral,0,0,0,0,0,0,0,0,0,0
2025-02-16T11:29:57.757,2025-02-16T11:39:34.447Z,179,CHTV6429,SU Geral,0,0,0,0,0,0,0,0,0,0
2025-02-16T11:29:57.319,2025-02-16T11:39:34.447Z,179,CHTV6429,SU Geral,0,0,0,0,0,0,0,0,0,0
2025-02-16T11:34:01.925,2025-02-16T11:39:35.720Z,181,1,Urgência Geral,0,0,0,0,1262,3,1465,0,0,0
2025-02-16T11:34:01.956,2025-02-16T11:39:35.720Z,181,2,Urgência Pediátrica,0,0,0,0,969,0,1104,0,0,0
2025-02-16T11:36:05.556,2025-02-16T11:39:36.380Z,233,1,Urgência Geral,0,0,1201,0,6356,6,3378,2,1174,0
2025-02-16T11:36:05.525,2025-02-16T11:39:36.380Z,233,2,Urgência Pediátrica,0,0,0,0,2874,0,1219,0,0,0
2025-02-16T11:36:27.888,2025-02-16T11:39:36.524Z,182,1,Urgência Geral,0,0,298,0,2095,4,2627,2,0,0
2025-02-16T11:26:19.323,2025-02-16T11:39:51.829Z,160,2,Urgência Pediátrica,0,0,0,0,0,0,0,0,0,0
2025-02-16T11:26:19.338,2025-02-16T11:39:51.829Z,160,10,Urgência Obstétrica / Ginecológica ,0,0,0,0,0,0,0,0,0,0
2025-02-16T11:28:42.361,2025-02-16T11:39:51.984Z,2565,1,Urgência Geral,0,0,216,0,1433,4,2033,0,0,0
2025-02-16T11:28:42.455,2025-02-16T11:39:51.984Z,2565,2,Urgência Pediátrica,0,0,281,0,704,1,1553,0,0,0
2025-02-16T11:28:42.393,2025-02-16T11:39:51.984Z,2565,3,Urgência Obstétrica,0,0,0,0,3453,1,0,0,0,0
2025-02-16T11:28:42.408,2025-02-16T11:39:51.984Z,2565,4,Urgência Ginecológica,0,0,0,0,0,0,0,0,0,0
2025-02-16T11:28:42.424,2025-02-16T11:39:51.984Z,2565,9,Urgência Psiquiátrica,0,0,0,0,0,0,0,0,0,0
2025-02-16T11:30:01.262,2025-02-16T11:39:52.267Z,214,10011,Urgência Geral,0,0,739,0,2747,2,1538,2,0,1
2025-02-16T11:30:01.352,2025-02-16T11:39:52.267Z,214,10012,Urgência Pediátrica,0,0,0,0,512,1,700,1,2997,0
2025-02-16T11:30:01.43,2025-02-16T11:39:52.267Z,214,10013,Urgência Ginecológica/Obstétrica,0,0,0,0,0,0,0,0,0,0
2025-02-16T11:29:33.678,2025-02-16T11:39:52.459Z,203,1,Urgência Geral,0,0,1448,0,998,1,1431,2,0,0
2025-02-16T11:29:33.646,2025-02-16T11:39:52.459Z,203,2,Urgência Pediátrica,0,0,0,0,0,0,0,0,0,0
2025-02-16T11:27:24.263,2025-02-16T11:39:52.615Z,183,1,Urgência Geral,0,0,381,0,3009,3,3965,5,0,1
2025-02-16T11:29:18.655,2025-02-16T11:39:52.720Z,175,CHTVF6E0,Urgência Básica,0,0,0,0,527,1,385,1,1266,0
2025-02-16T11:29:18.593,2025-02-16T11:39:52.720Z,175,CHTVF6E0,Urgência Básica,0,0,0,0,0,0,0,0,0,0
2025-02-16T11:35:01.619,2025-02-16T11:39:52.871Z,149,301000,Urgência Geral Braga,0,0,526,0,1483,3,690,0,0,0
2025-02-16T11:35:01.708,2025-02-16T11:39:52.871Z,149,302000,Urgência Pediátrica Braga,0,0,400,0,1555,1,1965,4,0,0
2025-02-16T11:35:01.77,2025-02-16T11:39:52.871Z,149,303000,Urgência Obstétrica Braga,0,0,239,0,1367,4,0,0,0,0
2025-02-16T11:27:55.685,2025-02-16T11:39:53.070Z,215,1,Urgência Geral,0,0,5644,1,1962,4,3084,4,0,0
2025-02-16T11:27:55.7,2025-02-16T11:39:53.070Z,215,2,Urgência Pediátrica,0,0,210,0,518,1,513,0,0,0
2025-02-16T11:27:55.669,2025-02-16T11:39:53.070Z,215,10,Urgência Obstétrica / Ginecológica ,0,0,0,0,0,0,0,0,0,0
2025-02-16T11:32:28.612,2025-02-16T11:39:53.259Z,216,1,Urgência Geral,0,0,112,1,1759,5,8942,3,0,0
2025-02-16T11:32:28.502,2025-02-16T11:39:53.259Z,216,2,Urgência Pediátrica,0,0,631,0,1638,2,246,2,0,0
2025-02-16T11:32:28.534,2025-02-16T11:39:53.259Z,216,10,Urgência Obstétrica / Ginecológica ,0,0,0,0,0,0,2060,0,0,0
2025-02-16T11:35:53.551,2025-02-16T11:39:53.902Z,155,1,Urgência Geral,0,0,171,0,1206,4,955,3,0,0
2025-02-16T11:35:53.645,2025-02-16T11:39:53.902Z,155,2,Urgência Pediátrica,0,0,2168,0,1030,0,1339,1,0,0
2025-02-16T11:35:53.598,2025-02-16T11:39:53.902Z,155,10,Urgência Obstétrica / Ginecológica ,0,0,0,0,0,0,0,0,0,0
2025-02-16T11:36:35.337,2025-02-16T11:39:54.079Z,362,1,Urgencia Geral,0,0,1873,0,1096,1,58,2,0,0
2025-02-16T11:31:12.865,2025-02-16T11:39:54.201Z,235,1,Urgência Geral,0,0,1294,0,4905,11,7647,1,0,0
2025-02-16T11:31:12.881,2025-02-16T11:39:54.201Z,235,2,Urgência Pediátrica,0,0,367,0,377,1,849,4,0,0
2025-02-16T11:31:12.834,2025-02-16T11:39:54.201Z,235,3,Urgência Obstétrica,0,0,0,1,0,0,0,0,0,0
2025-02-16T11:30:06.779,2025-02-16T11:39:54.386Z,75458,GO,Urgência Ginecologia / Obstetricia,0,0,0,0,0,0,0,0,0,0
2025-02-16T11:30:06.622,2025-02-16T11:39:54.386Z,75458,GER,Urgência Geral,0,0,300,0,2280,1,3120,7,0,0
2025-02-16T11:30:06.7,2025-02-16T11:39:54.386Z,75458,PED,Urgência Pediátrica,0,0,0,0,0,0,0,0,0,0
2025-02-16T11:32:01.193,2025-02-16T11:39:54.564Z,517,1,Urgência Geral,0,0,0,0,3,0,506,0,241,0
2025-02-16T11:29:43.162,2025-02-16T11:39:54.663Z,136,1,Urgência Geral,0,0,0,0,548,1,575,0,0,0
2025-02-16T11:25:13.483,2025-02-16T11:39:54.760Z,225,1,Urgência Geral,0,0,2347,1,25479,23,40614,8,0,1
2025-02-16T11:25:13.577,2025-02-16T11:39:54.760Z,225,2,Urgência Pediátrica,0,0,33,0,31,0,29,0,0,0
2025-02-16T11:25:13.514,2025-02-16T11:39:54.760Z,225,3,Urgência Obstétrica,0,0,0,0,0,0,0,0,0,0
2025-02-16T11:25:13.546,2025-02-16T11:39:54.760Z,225,4,Urgência Ginecológica,0,0,0,0,0,0,0,0,0,0
2025-02-16T11:36:05.509,2025-02-16T11:39:56.206Z,553,1,Urgência Geral,0,0,0,0,338,0,368,0,0,1
2025-02-16T11:36:17.681,2025-02-16T11:39:56.308Z,237,CHUA050D,Urgência Geral,0,0,0,0,0,0,0,0,0,0
2025-02-16T11:28:13.382,2025-02-16T11:39:56.411Z,218,CHLN1B20,Urgência Central,0,0,0,0,1106,0,1990,1,0,0
2025-02-16T11:28:13.475,2025-02-16T11:39:56.411Z,218,CHLN1B20,Urgência Central,0,0,0,0,3309,5,4430,4,0,0
2025-02-16T11:28:41.107,2025-02-16T11:39:56.561Z,229,URGGO,Urgência de Ginecologia e Obstetrícia,0,0,0,0,5796,2,0,1,0,0
2025-02-16T11:29:17.337,2025-02-16T11:39:56.665Z,180,1,Urgencia Geral,0,0,0,1,4055,16,7610,5,0,1
2025-02-16T11:29:17.258,2025-02-16T11:39:56.665Z,180,2,Urgencia Pediatrica,0,0,2983,0,2484,0,1179,2,0,0
2025-02-16T11:29:17.29,2025-02-16T11:39:56.665Z,180,3,Urgencia Obstetrica,0,1,0,0,0,0,0,0,0,0
2025-02-16T11:29:36.289,2025-02-16T11:39:56.853Z,150,1,Urgência Geral,0,0,204,1,1678,3,3445,3,0,0
2025-02-16T11:29:36.324,2025-02-16T11:39:56.853Z,150,2,Urgência Pediátrica,0,0,0,0,0,0,1591,1,0,0
2025-02-16T11:30:05.6,2025-02-16T11:39:57.005Z,65413,URG1,Urgência Geral,0,0,0,0,672,0,220,0,0,0
2025-02-16T11:30:05.707,2025-02-16T11:39:57.005Z,65413,URG1,Urgência Geral,0,0,35,0,3142,6,451,2,80,0
2025-02-16T11:30:06.801,2025-02-16T11:39:57.005Z,65413,URG1,Urgência Geral,0,0,0,0,866,0,2669,2,0,0
2025-02-16T11:29:28.609,2025-02-16T11:39:57.005Z,65413,URG1,Urgência Geral,0,0,0,0,0,0,0,0,0,0
2025-02-16T11:30:07.1,2025-02-16T11:39:57.005Z,65413,URG2,Urgência Ginecológica e Obstétrica,0,0,0,0,0,1,2232,1,0,0
2025-02-16T11:30:07.185,2025-02-16T11:39:57.005Z,65413,URG3,Urgência Pediátrica,0,0,273,0,364,0,1341,0,0,0
2025-02-16T11:32:01.24,2025-02-16T11:39:57.332Z,546,1,Urgência Geral,0,0,0,0,200,0,574,0,0,0
2025-02-16T11:36:56.447,2025-02-16T11:39:57.503Z,2563,1,Urgencia Geral,0,0,0,0,1217,3,0,0,0,0
2025-02-16T11:29:17.18,2025-02-16T11:39:57.599Z,174,1,Urgencia Geral,0,0,0,0,57,0,0,0,0,0
2025-02-16T11:31:12.818,2025-02-16T11:39:57.693Z,545,1,Urgência Geral,0,0,0,0,755,0,617,0,0,0
2025-02-16T11:28:57.393,2025-02-16T11:39:57.791Z,231,1,Urgência Geral,0,0,427,0,574,5,0,0,0,0
2025-02-16T11:31:16.985,2025-02-16T11:39:57.892Z,221,GER,Urgência Geral,0,0,1077,0,1181,0,1283,3,0,0
2025-02-16T11:36:49.902,2025-02-16T11:39:57.989Z,153,1,Urgência Geral,0,0,212,0,357,1,754,0,350,0
2025-02-16T11:36:50.059,2025-02-16T11:39:57.989Z,153,2,Urgência Pediátrica,0,0,0,0,2127,0,0,0,0,0
2025-02-16T11:30:54.475,2025-02-16T11:39:58.129Z,194,1,Urgência Geral,0,0,150,0,399,2,1025,1,0,0
2025-02-16T11:30:54.413,2025-02-16T11:39:58.129Z,194,2,Urgência Pediátrica,0,0,0,0,0,0,706,0,0,0
2025-02-16T11:30:54.46,2025-02-16T11:39:58.129Z,194,3,Urgência Obstétrica,0,0,0,0,0,0,288,0,0,0
2025-02-16T11:32:28.627,2025-02-16T11:39:58.316Z,212,6,Urgência Oftalmológica,0,0,0,0,0,0,0,0,0,0
2025-02-16T11:35:53.582,2025-02-16T11:39:58.816Z,428,1,Urgência Geral,0,0,353,0,99,0,61,1,0,0
2025-02-16T11:36:20.485,2025-02-16T11:39:58.911Z,156,1,Urgência Geral,24,0,1252,1,1387,9,1448,2,0,0
2025-02-16T11:29:33.568,2025-02-16T11:39:59.010Z,204,1,Urgência Geral,0,0,119,0,1140,0,314,0,0,0
2025-02-16T11:36:10.848,2025-02-16T11:39:59.108Z,139,1,Urgência Geral,0,0,143,0,530,0,1013,0,0,0
2025-02-16T11:36:10.91,2025-02-16T11:39:59.108Z,139,2,Urgência Pediátrica,0,0,0,0,246,0,124,0,0,0
2025-02-16T11:36:10.879,2025-02-16T11:39:59.108Z,139,10,Urgência Obstétrica / Ginecológica,0,0,0,0,6044,0,0,0,0,0
2025-02-16T11:26:06.891,2025-02-16T11:39:59.301Z,138,1,Urgência Geral,0,0,332,0,16497,0,2384,2,0,0
2025-02-16T11:29:43.131,2025-02-16T11:39:59.421Z,266,1,Urgência Geral,0,0,0,0,133,0,161,1,0,2
2025-02-16T11:31:59.554,2025-02-16T11:39:59.525Z,2076,1,Urgencia Geral,0,0,1479,0,1694,7,5341,10,0,0
2025-02-16T11:31:59.585,2025-02-16T11:39:59.525Z,2076,2,Urgencia Pediatrica,0,0,0,0,873,3,1710,4,0,0
2025-02-16T11:31:59.533,2025-02-16T11:39:59.525Z,2076,4,Urgencia Ginecologica,0,0,0,0,0,0,0,0,0,0
2025-02-16T11:35:27.447,2025-02-16T11:39:59.709Z,152,1,Urgência Geral,0,0,738,0,397,2,938,2,0,1
2025-02-16T11:35:27.478,2025-02-16T11:39:59.709Z,152,2,Urgência Pediátrica,0,0,0,0,18,0,5196,5,0,0
2025-02-16T11:35:27.462,2025-02-16T11:39:59.709Z,152,10,Urgência Obstétrica / Ginecológica ,0,0,0,0,0,0,970,0,0,0
2025-02-16T11:55:53.543,2025-02-16T12:03:07.792Z,151,1,Urgência Geral,0,0,326,0,330,1,965,0,0,0
2025-02-16T11:57:17.386,2025-02-16T12:03:08.174Z,169,3,Urgencia Obstetrica,0,0,0,0,0,0,1407,0,0,0
2025-02-16T11:57:38.45,2025-02-16T12:03:08.382Z,168,2,Urgencia Pediatrica,0,0,364,0,221,2,215,0,0,0
2025-02-16T11:58:02.485,2025-02-16T12:03:08.630Z,211,URGGER,Urgência Polivalente,0,0,171,0,256,0,0,0,0,0
2025-02-16T11:58:40.946,2025-02-16T12:03:08.630Z,211,URGGER,Urgência Polivalente,0,0,0,0,221,1,0,0,0,0
2025-02-16T11:58:41.024,2025-02-16T12:03:08.630Z,211,URGGER,Urgência Polivalente,0,0,0,0,0,0,0,0,0,0
2025-02-16T11:58:41.056,2025-02-16T12:03:08.630Z,211,URGGER,Urgência Polivalente,0,0,0,0,312,0,944,0,0,0
2025-02-16T11:58:41.071,2025-02-16T12:03:08.630Z,211,URGGER,Urgência Polivalente,0,0,0,0,0,0,0,0,0,0
2025-02-16T11:58:41.102,2025-02-16T12:03:08.630Z,211,URGGER,Urgência Polivalente,0,0,0,0,0,1,0,0,0,1
2025-02-16T11:58:32.417,2025-02-16T12:03:09.261Z,213,1,Urgência Geral,0,0,1403,0,3762,6,11564,7,0,0
2025-02-16T11:58:32.464,2025-02-16T12:03:09.261Z,213,2,Urgência Pediátrica,0,0,0,0,616,0,749,3,0,0
2025-02-16T11:58:32.48,2025-02-16T12:03:09.261Z,213,10,Urgência Obstétrica / Ginecológica ,0,0,0,0,0,0,0,0,0,0
2025-02-16T11:58:32.433,2025-02-16T12:03:09.586Z,222,1,Urgência Geral,0,0,0,0,2621,1,0,7,0,0
2025-02-16T11:51:14.486,2025-02-16T12:03:24.884Z,541,1,Urgência Geral,0,0,290,0,79,0,836,4,0,0
2025-02-16T11:49:16.376,2025-02-16T12:03:40.259Z,141,1,Urgência Geral,0,0,0,0,1010,5,953,2,0,0
2025-02-16T11:59:33.703,2025-02-16T12:03:40.418Z,205,1,Urgência Geral,0,0,309,0,713,2,769,2,0,0
2025-02-16T11:59:33.718,2025-02-16T12:03:40.418Z,205,2,Urgência Pediátrica,0,0,0,0,1224,1,2026,2,0,0
2025-02-16T11:59:33.734,2025-02-16T12:03:40.418Z,205,3,Urgência Obstétrica,0,0,0,0,0,0,0,0,0,0
2025-02-16T11:47:32.448,2025-02-16T12:03:56.128Z,145,1,Urgência Geral,0,0,106,0,759,2,1355,1,0,0
2025-02-16T11:47:32.463,2025-02-16T12:03:56.128Z,145,2,Urgência Pediátrica,0,0,0,0,420,1,1245,1,0,0
2025-02-16T11:47:32.573,2025-02-16T12:03:56.128Z,145,3,Urgência Obstétrica,0,0,0,0,0,0,0,0,0,0
2025-02-16T11:47:32.604,2025-02-16T12:03:56.128Z,145,5,Urgência Pedopsiquiátrica,0,0,0,0,0,0,0,0,0,0
2025-02-16T11:47:32.62,2025-02-16T12:04:11.854Z,318,1,Urgência Geral,0,0,0,0,341,0,0,0,0,0
2025-02-16T11:59:45.671,2025-02-16T12:04:12.472Z,184,31,SERVICO URGENCIA BASICO,0,0,0,0,5040,10,0,0,0,0
2025-02-16T12:00:47.413,2025-02-16T12:04:13.033Z,6578,URGGER,Urgência Geral,0,0,1412,0,1323,3,0,0,0,0
2025-02-16T12:00:47.476,2025-02-16T12:04:13.033Z,6578,URGGER,Urgência Geral,0,0,344,0,1252,0,0,0,0,0
2025-02-16T12:00:47.429,2025-02-16T12:04:13.033Z,6578,URGGER,Urgência Geral,0,0,0,0,0,0,0,0,0,0
2025-02-16T12:00:47.46,2025-02-16T12:04:13.033Z,6578,URGGER,Urgência Geral,0,0,0,0,0,0,0,0,0,0
2025-02-16T12:00:47.726,2025-02-16T12:04:13.033Z,6578,URGGIN,Urgência Obstétrica/Ginecológica,0,0,0,0,0,0,0,0,0,0
2025-02-16T12:00:47.663,2025-02-16T12:04:13.033Z,6578,URGGIN,Urgência Obstétrica/Ginecológica,0,0,0,0,0,0,0,0,0,0
2025-02-16T12:00:47.632,2025-02-16T12:04:13.033Z,6578,URGGIN,Urgência Obstétrica/Ginecológica,0,0,0,0,0,0,0,0,0,0
2025-02-16T12:00:47.57,2025-02-16T12:04:13.033Z,6578,URGGIN,Urgência Obstétrica/Ginecológica,0,0,0,0,0,0,0,0,0,0
2025-02-16T12:00:47.616,2025-02-16T12:04:13.033Z,6578,URGGIN,Urgência Obstétrica/Ginecológica,0,0,0,0,0,0,0,0,0,0
2025-02-16T12:00:47.695,2025-02-16T12:04:13.033Z,6578,URGGIN,Urgência Obstétrica/Ginecológica,0,0,0,0,0,0,0,0,0,0
2025-02-16T12:00:47.679,2025-02-16T12:04:13.033Z,6578,URGGIN,Urgência Obstétrica/Ginecológica,0,0,0,0,0,0,0,0,0,0
2025-02-16T12:00:47.538,2025-02-16T12:04:13.033Z,6578,URGGIN,Urgência Obstétrica/Ginecológica,0,0,0,0,0,0,0,0,0,0
2025-02-16T12:00:47.523,2025-02-16T12:04:13.033Z,6578,URGGIN,Urgência Obstétrica/Ginecológica,0,0,0,0,0,0,0,0,0,0
2025-02-16T12:00:47.585,2025-02-16T12:04:13.033Z,6578,URGGIN,Urgência Obstétrica/Ginecológica,0,0,0,0,0,0,0,0,0,0
2025-02-16T12:00:47.507,2025-02-16T12:04:13.033Z,6578,URGGIN,Urgência Obstétrica/Ginecológica,0,0,0,0,0,0,0,0,0,0
2025-02-16T11:50:16.032,2025-02-16T12:04:30.683Z,191,1,Urgência Geral,0,0,1351,0,2171,10,5774,3,0,0
2025-02-16T11:52:35.935,2025-02-16T12:04:46.047Z,219,1,Urgência Geral,0,0,806,0,3523,3,4908,6,0,0
2025-02-16T11:53:14.387,2025-02-16T12:04:46.047Z,219,2,Urgência Pediátrica,0,0,0,0,2925,0,686,0,0,0
2025-02-16T11:53:14.372,2025-02-16T12:04:46.047Z,219,10,Urgência Obstétrica / Ginecológica ,0,0,0,0,0,0,0,0,0,0
2025-02-16T11:54:15.07,2025-02-16T12:04:46.525Z,177,1,Urgência Geral,0,0,615,0,582,0,676,0,0,0
2025-02-16T11:56:28.295,2025-02-16T12:04:46.773Z,189,1,Urgência Geral,157,0,353,0,2530,13,1747,2,0,1
2025-02-16T11:56:28.248,2025-02-16T12:04:46.773Z,189,2,Urgência Pediátrica,0,0,0,1,960,2,0,1,0,0
2025-02-16T11:56:28.216,2025-02-16T12:04:46.773Z,189,3,Urgência Obstétrica,0,0,0,0,1405,1,2937,0,0,0
2025-02-16T11:56:28.279,2025-02-16T12:04:46.773Z,189,4,Urgência Ginecológica,0,0,0,0,0,0,0,0,0,0
2025-02-16T11:58:41.243,2025-02-16T12:04:47.351Z,208,URGPED,Urgência Pediátrica,0,0,0,0,0,0,0,0,0,0
2025-02-16T11:58:41.306,2025-02-16T12:04:47.351Z,208,URGPED,Urgência Pediátrica,0,0,0,0,0,0,829,3,2345,1
2025-02-16T11:58:41.337,2025-02-16T12:04:47.351Z,208,URGPED,Urgência Pediátrica,0,0,0,0,0,0,0,0,1134,1
2025-02-16T11:58:41.368,2025-02-16T12:04:47.351Z,208,URGPED,Urgência Pediátrica,0,0,0,0,0,0,0,0,0,0
2025-02-16T11:58:41.399,2025-02-16T12:04:47.351Z,208,URGPED,Urgência Pediátrica,0,0,0,0,2707,4,2956,2,0,0
2025-02-16T11:59:18.631,2025-02-16T12:04:48.010Z,186,1,Urgencia Geral,0,0,1132,0,1795,1,4689,2,0,0
2025-02-16T12:00:17.104,2025-02-16T12:04:48.170Z,223,1,Urgência Geral,0,0,0,5,14160,12,11580,10,0,0
2025-02-16T12:00:17.166,2025-02-16T12:04:48.170Z,223,1,Urgência Geral,0,0,0,0,780,3,0,0,0,0
2025-02-16T12:00:17.213,2025-02-16T12:04:48.170Z,223,1,Urgência Geral,0,0,0,0,60,0,300,0,0,0
2025-02-16T12:00:17.244,2025-02-16T12:04:48.170Z,223,1,Urgência Geral,0,0,0,0,0,0,0,0,0,0
2025-02-16T12:00:17.276,2025-02-16T12:04:48.170Z,223,1,Urgência Geral,0,0,0,0,0,0,0,0,0,0
2025-02-16T12:00:17.323,2025-02-16T12:04:48.170Z,223,2,Urgência Pediátrica,0,0,0,0,0,0,0,0,0,0
2025-02-16T12:00:17.354,2025-02-16T12:04:48.170Z,223,3,Urgência Obstétrica e Ginecológica,0,0,0,0,1080,2,0,0,0,0
2025-02-16T12:00:17.385,2025-02-16T12:04:48.170Z,223,4,Serviço de Urgência Básica,0,0,720,1,180,1,1680,11,0,0
2025-02-16T11:55:40.732,2025-02-16T12:04:49.224Z,333,1,Urgência Geral,0,0,497,0,1772,1,129,2,0,0
2025-02-16T12:01:01.056,2025-02-16T12:04:49.589Z,146,GER,Urgência Geral,0,0,557,0,6430,17,6354,4,0,0
2025-02-16T12:01:00.963,2025-02-16T12:04:49.589Z,146,PED,Urgência de Pediatria,0,0,480,0,1098,3,1287,3,0,1
2025-02-16T11:50:21.548,2025-02-16T12:05:05.052Z,178,1,URGENCIA PEDIATRICA,0,0,0,0,180,1,420,1,0,0
2025-02-16T11:50:21.22,2025-02-16T12:05:05.052Z,178,5,EMERGENCIA,0,0,3600,0,1020,4,2220,0,0,0
2025-02-16T11:50:21.282,2025-02-16T12:05:05.052Z,178,5,EMERGENCIA,0,0,0,0,0,0,0,0,0,0
2025-02-16T11:50:21.345,2025-02-16T12:05:05.052Z,178,5,EMERGENCIA,0,0,660,0,0,0,0,0,0,0
2025-02-16T11:59:45.608,2025-02-16T12:05:05.613Z,185,21,SERVICO URGENCIA BASICO,0,0,0,0,240,0,60,0,0,0
2025-02-16T11:50:44.512,2025-02-16T12:05:21.076Z,173,1,Urgência Geral,0,0,186,0,511,2,205,1,0,0
2025-02-16T11:50:44.481,2025-02-16T12:05:21.076Z,173,2,Urgência Pediátrica,0,0,0,0,964,0,383,0,0,0
2025-02-16T11:50:16.079,2025-02-16T12:05:36.465Z,405,1,Urgência Geral,0,0,0,0,28,0,0,0,0,0
2025-02-16T11:59:11.184,2025-02-16T12:05:36.720Z,135,1,Urgência Geral,0,0,142,0,213,3,713,0,0,0
2025-02-16T11:59:11.247,2025-02-16T12:05:37.082Z,137,1,Urgência Geral,0,0,1030,0,3739,2,7762,3,0,0
2025-02-16T12:04:15.035,2025-02-16T12:05:37.328Z,220,1,Urgência Geral,0,0,1325,0,1551,5,2214,1,0,0
2025-02-16T12:04:15.113,2025-02-16T12:05:37.328Z,220,2,Urgência Pediátrica,0,0,0,0,1255,0,318,0,0,0
2025-02-16T12:04:15.129,2025-02-16T12:05:37.328Z,220,10,Urgência Obstétrica / Ginecológica ,0,0,0,0,0,0,0,0,0,0
2025-02-16T12:04:15.176,2025-02-16T12:05:37.751Z,2564,1,Urgência Geral,0,0,21149,0,3259,6,0,5,0,0
2025-02-16T12:04:15.16,2025-02-16T12:05:37.751Z,2564,2,Urgência Pediátrica,0,0,0,0,133,0,478,0,0,0
2025-02-16T12:04:15.066,2025-02-16T12:05:37.751Z,2564,10,Urgência Obstétrica / Ginecológica ,0,0,0,0,0,0,0,0,0,0
2025-02-16T11:56:14.125,2025-02-16T12:05:38.067Z,171,1,Urgencia Geral,186,0,594,2,1059,7,2539,4,1016,0
2025-02-16T11:55:53.043,2025-02-16T12:05:39.188Z,172,3,Urgencia Obstetrica,0,0,0,0,0,0,1081,2,0,0
2025-02-16T12:01:17.98,2025-02-16T12:05:39.373Z,238,CHUA050D,Urgência Geral,0,0,0,0,0,0,0,0,0,0
2025-02-16T12:01:18.027,2025-02-16T12:05:39.373Z,238,CHUA050D,Urgência Geral,0,0,0,0,0,0,0,0,0,0
2025-02-16T12:01:18.277,2025-02-16T12:05:39.373Z,238,CHUA050D,Urgência Geral,0,0,187,0,252,0,614,1,0,0
2025-02-16T12:01:18.215,2025-02-16T12:05:39.373Z,238,CHUA050D,Urgência Geral,0,0,1082,2,21535,6,0,0,0,0
2025-02-16T12:01:18.09,2025-02-16T12:05:39.373Z,238,CHUA75E4,Urgência Pediatria,0,0,0,0,0,0,0,0,0,0
2025-02-16T11:48:57.391,2025-02-16T12:05:55.054Z,234,1,Urgência Geral,0,0,0,0,2452,1,4533,2,0,0
2025-02-16T11:48:57.407,2025-02-16T12:05:55.054Z,234,2,Urgência Pediátrica,0,0,0,0,798,0,90,0,0,0
2025-02-16T11:48:57.469,2025-02-16T12:05:55.054Z,234,3,Urgência Obstétrica,0,0,291,0,392,0,0,0,0,0
2025-02-16T11:59:16.495,2025-02-16T12:05:55.386Z,147,1,Urgência Geral,0,0,1124,0,628,0,753,6,601,0
2025-02-16T11:59:16.433,2025-02-16T12:05:55.386Z,147,2,Urgência Pediátrica,0,0,0,0,1304,0,957,2,0,0
2025-02-16T11:59:16.48,2025-02-16T12:05:55.386Z,147,3,Urgência Obstétrica,0,0,0,0,1456,0,0,0,0,0
2025-02-16T11:57:36.632,2025-02-16T12:05:55.701Z,431,1,Urgência Geral,0,0,211,0,808,0,3926,4,0,0
2025-02-16T11:55:31.364,2025-02-16T12:06:11.081Z,179,9,Urgência Psiquiátrica,0,0,68,0,129,1,325,1,0,0
2025-02-16T11:50:05.2,2025-02-16T12:06:11.081Z,179,CHTV289C,SU Pediátrica,0,0,0,0,711,0,3016,7,0,0
2025-02-16T11:49:26.096,2025-02-16T12:06:11.081Z,179,CHTV6429,SU Geral,0,0,0,0,0,0,0,0,0,0
2025-02-16T11:49:26.049,2025-02-16T12:06:11.081Z,179,CHTV6429,SU Geral,0,0,0,0,0,0,0,0,0,0
2025-02-16T11:50:05.063,2025-02-16T12:06:11.081Z,179,CHTV6429,SU Geral,0,0,0,0,0,0,0,0,0,0
2025-02-16T11:50:05.11,2025-02-16T12:06:11.081Z,179,CHTV6429,SU Geral,0,0,426,0,1621,2,3217,17,0,1
2025-02-16T11:50:04.862,2025-02-16T12:06:11.081Z,179,CHTV6429,SU Geral,0,0,0,0,0,0,0,0,0,0
2025-02-16T11:50:04.25,2025-02-16T12:06:11.081Z,179,CHTV6429,SU Geral,0,0,0,0,0,0,0,0,0,0
2025-02-16T11:50:05.136,2025-02-16T12:06:11.081Z,179,CHTV6429,SU Geral,0,0,0,0,0,0,0,0,0,0
2025-02-16T11:50:03.906,2025-02-16T12:06:11.081Z,179,CHTV6429,SU Geral,0,0,0,0,0,0,0,0,0,0
2025-02-16T11:50:04.016,2025-02-16T12:06:11.081Z,179,CHTV6429,SU Geral,0,0,0,0,0,0,0,0,0,0
2025-02-16T11:50:05.011,2025-02-16T12:06:11.081Z,179,CHTV6429,SU Geral,0,0,0,0,0,0,0,0,0,0
2025-02-16T11:50:04.047,2025-02-16T12:06:11.081Z,179,CHTV6429,SU Geral,0,0,0,0,0,0,0,0,0,0
2025-02-16T11:50:04.156,2025-02-16T12:06:11.081Z,179,CHTV6429,SU Geral,0,0,0,0,0,0,0,0,0,0
2025-02-16T11:50:04.375,2025-02-16T12:06:11.081Z,179,CHTV6429,SU Geral,0,0,0,0,0,0,0,0,0,0
2025-02-16T11:50:04.715,2025-02-16T12:06:11.081Z,179,CHTV6429,SU Geral,0,0,0,0,0,0,0,0,0,0
2025-02-16T11:50:04.763,2025-02-16T12:06:11.081Z,179,CHTV6429,SU Geral,0,0,0,0,0,0,0,0,0,0
2025-02-16T11:49:26.549,2025-02-16T12:06:11.081Z,179,CHTV6429,SU Geral,0,0,0,0,0,0,0,0,0,0
2025-02-16T11:50:04.813,2025-02-16T12:06:11.081Z,179,CHTV6429,SU Geral,0,0,0,0,0,0,0,0,0,0
2025-02-16T11:50:04.188,2025-02-16T12:06:11.081Z,179,CHTV6429,SU Geral,0,0,0,0,0,0,0,0,0,0
2025-02-16T11:50:04.312,2025-02-16T12:06:11.081Z,179,CHTV6429,SU Geral,0,0,0,0,0,0,0,0,0,0
2025-02-16T11:50:04.663,2025-02-16T12:06:11.081Z,179,CHTV6429,SU Geral,0,0,0,0,0,0,0,0,0,0
2025-02-16T11:50:04.416,2025-02-16T12:06:11.081Z,179,CHTV6429,SU Geral,0,0,0,0,0,0,0,0,0,0
2025-02-16T11:50:04.612,2025-02-16T12:06:11.081Z,179,CHTV6429,SU Geral,0,0,0,0,0,0,0,0,0,0
2025-02-16T11:50:04.915,2025-02-16T12:06:11.081Z,179,CHTV6429,SU Geral,0,0,0,0,0,0,0,0,0,0
2025-02-16T11:50:03.953,2025-02-16T12:06:11.081Z,179,CHTV6429,SU Geral,0,0,0,0,0,0,0,0,0,0
2025-02-16T11:49:26.143,2025-02-16T12:06:11.081Z,179,CHTV6429,SU Geral,0,0,0,0,0,0,0,0,0,0
2025-02-16T11:50:04.094,2025-02-16T12:06:11.081Z,179,CHTV6429,SU Geral,0,0,0,0,0,0,0,0,0,0
2025-02-16T11:54:43.529,2025-02-16T12:06:13.790Z,181,1,Urgência Geral,0,0,521,0,1392,2,1465,0,0,0
2025-02-16T11:54:43.498,2025-02-16T12:06:13.790Z,181,2,Urgência Pediátrica,0,0,0,0,998,0,1025,0,0,0
2025-02-16T11:56:05.455,2025-02-16T12:06:29.794Z,233,1,Urgência Geral,0,0,1487,0,3050,2,3378,2,336,0
2025-02-16T11:55:27.05,2025-02-16T12:06:29.794Z,233,2,Urgência Pediátrica,0,0,0,0,0,0,1219,0,0,0
2025-02-16T11:56:28.232,2025-02-16T12:06:30.037Z,182,1,Urgência Geral,0,0,298,1,2390,5,2627,2,0,0
2025-02-16T11:56:15.375,2025-02-16T12:06:30.176Z,160,2,Urgência Pediátrica,0,0,0,0,0,0,0,0,0,0
2025-02-16T11:56:15.401,2025-02-16T12:06:30.176Z,160,10,Urgência Obstétrica / Ginecológica ,0,0,0,0,0,0,0,0,0,0
2025-02-16T11:58:42.459,2025-02-16T12:06:30.454Z,2565,1,Urgência Geral,0,0,177,0,1167,4,2033,1,0,0
2025-02-16T11:58:42.428,2025-02-16T12:06:30.454Z,2565,2,Urgência Pediátrica,0,0,281,0,704,1,1979,0,0,0
2025-02-16T11:58:42.522,2025-02-16T12:06:30.454Z,2565,3,Urgência Obstétrica,0,0,0,0,2842,1,0,0,0,0
2025-02-16T11:58:42.506,2025-02-16T12:06:30.454Z,2565,4,Urgência Ginecológica,0,0,0,0,2231,0,0,0,0,0
2025-02-16T11:58:42.475,2025-02-16T12:06:30.454Z,2565,9,Urgência Psiquiátrica,0,0,0,0,0,0,0,0,0,0
2025-02-16T11:59:23.385,2025-02-16T12:06:30.948Z,214,10011,Urgência Geral,0,0,0,0,1695,7,2040,2,0,1
2025-02-16T11:59:23.464,2025-02-16T12:06:30.948Z,214,10012,Urgência Pediátrica,0,0,0,0,476,0,615,0,2997,0
2025-02-16T12:00:01.987,2025-02-16T12:06:30.948Z,214,10013,Urgência Ginecológica/Obstétrica,0,0,0,0,0,0,0,0,0,0
2025-02-16T11:49:33.684,2025-02-16T12:06:46.403Z,203,1,Urgência Geral,0,0,1448,0,1067,3,1133,2,0,0
2025-02-16T11:49:33.715,2025-02-16T12:06:46.403Z,203,2,Urgência Pediátrica,0,0,0,0,0,0,0,0,0,0
2025-02-16T11:57:36.819,2025-02-16T12:06:46.678Z,183,1,Urgência Geral,0,0,381,0,3348,3,4398,5,0,1
2025-02-16T11:59:55.951,2025-02-16T12:06:46.846Z,175,CHTVF6E0,Urgência Básica,0,1,0,0,847,0,313,5,1266,0
2025-02-16T11:59:55.895,2025-02-16T12:06:46.846Z,175,CHTVF6E0,Urgência Básica,0,0,0,0,0,0,0,0,0,0
2025-02-16T12:04:23.27,2025-02-16T12:06:47.129Z,149,301000,Urgência Geral Braga,0,0,564,0,1375,4,738,0,0,0
2025-02-16T12:05:01.789,2025-02-16T12:06:47.129Z,149,302000,Urgência Pediátrica Braga,0,0,400,0,369,1,1810,4,0,0
2025-02-16T12:05:01.867,2025-02-16T12:06:47.129Z,149,303000,Urgência Obstétrica Braga,0,0,227,0,3806,2,0,0,0,0
2025-02-16T11:58:07.995,2025-02-16T12:06:47.457Z,215,1,Urgência Geral,0,0,3012,3,1799,7,3494,2,0,0
2025-02-16T11:58:07.948,2025-02-16T12:06:47.457Z,215,2,Urgência Pediátrica,0,0,151,0,1081,0,631,2,0,0
2025-02-16T11:58:07.964,2025-02-16T12:06:47.457Z,215,10,Urgência Obstétrica / Ginecológica ,0,0,0,0,0,0,0,0,0,0
2025-02-16T12:02:41.462,2025-02-16T12:06:47.786Z,216,1,Urgência Geral,0,0,642,0,869,6,1548,1,0,0
2025-02-16T12:02:41.555,2025-02-16T12:06:47.786Z,216,2,Urgência Pediátrica,0,0,366,0,2887,1,246,3,0,0
2025-02-16T12:02:41.508,2025-02-16T12:06:47.786Z,216,10,Urgência Obstétrica / Ginecológica ,0,0,0,0,0,0,2060,0,0,0
2025-02-16T12:05:53.576,2025-02-16T12:06:48.418Z,155,1,Urgência Geral,0,0,210,0,1435,6,1223,2,0,0
2025-02-16T12:05:53.685,2025-02-16T12:06:48.418Z,155,2,Urgência Pediátrica,0,0,2168,0,1030,0,1785,0,0,0
2025-02-16T12:05:53.654,2025-02-16T12:06:48.418Z,155,10,Urgência Obstétrica / Ginecológica ,0,0,0,0,0,0,0,0,0,0
2025-02-16T11:56:35.181,2025-02-16T12:07:03.932Z,362,1,Urgencia Geral,0,0,1873,0,1377,1,3761,2,0,0
2025-02-16T11:51:14.564,2025-02-16T12:07:19.831Z,235,1,Urgência Geral,0,0,1108,0,5137,11,6664,2,0,0
2025-02-16T11:51:14.518,2025-02-16T12:07:19.831Z,235,2,Urgência Pediátrica,0,0,367,0,1363,0,849,4,0,0
2025-02-16T11:51:14.549,2025-02-16T12:07:19.831Z,235,3,Urgência Obstétrica,0,0,0,1,0,0,0,0,0,0
2025-02-16T12:00:07.659,2025-02-16T12:07:20.154Z,75458,GO,Urgência Ginecologia / Obstetricia,0,0,0,0,0,0,0,0,0,0
2025-02-16T12:00:07.503,2025-02-16T12:07:20.154Z,75458,GER,Urgência Geral,0,0,300,0,1920,4,3120,8,0,0
2025-02-16T12:00:07.581,2025-02-16T12:07:20.154Z,75458,PED,Urgência Pediátrica,0,0,0,0,0,0,0,0,0,0
2025-02-16T12:02:13.682,2025-02-16T12:07:20.472Z,517,1,Urgência Geral,0,0,0,0,3,0,527,0,241,0
2025-02-16T11:59:11.216,2025-02-16T12:07:20.721Z,136,1,Urgência Geral,0,0,0,0,387,0,0,0,0,0
2025-02-16T11:55:16.265,2025-02-16T12:07:20.867Z,225,1,Urgência Geral,0,1,1222,0,25479,25,29479,10,39020,0
2025-02-16T11:55:16.234,2025-02-16T12:07:20.867Z,225,2,Urgência Pediátrica,0,0,53,0,173,0,61,1,0,0
2025-02-16T11:55:16.172,2025-02-16T12:07:20.867Z,225,3,Urgência Obstétrica,0,0,0,0,0,0,0,0,0,0
2025-02-16T11:55:16.203,2025-02-16T12:07:20.867Z,225,4,Urgência Ginecológica,0,0,0,0,0,0,0,0,0,0
2025-02-16T12:06:05.553,2025-02-16T12:07:22.651Z,553,1,Urgência Geral,0,0,0,0,338,2,367,1,850,0
2025-02-16T12:00:39.323,2025-02-16T12:07:22.829Z,237,CHUA050D,Urgência Geral,0,0,0,0,0,0,0,0,0,0
2025-02-16T11:58:15.092,2025-02-16T12:07:22.998Z,218,CHLN1B20,Urgência Central,0,0,0,0,1095,1,1884,2,0,0
2025-02-16T11:58:15.278,2025-02-16T12:07:22.998Z,218,CHLN1B20,Urgência Central,0,0,0,1,2521,5,3483,5,0,0
2025-02-16T11:58:41.509,2025-02-16T12:07:23.315Z,229,URGGO,Urgência de Ginecologia e Obstetrícia,0,0,0,0,8860,3,0,1,0,0
2025-02-16T11:59:18.538,2025-02-16T12:07:23.459Z,180,1,Urgencia Geral,0,0,2370,0,4563,17,14725,6,0,1
2025-02-16T11:59:18.616,2025-02-16T12:07:23.459Z,180,2,Urgencia Pediatrica,0,0,2983,0,2183,1,1883,2,0,0
2025-02-16T11:59:18.491,2025-02-16T12:07:23.459Z,180,3,Urgencia Obstetrica,0,1,0,0,0,0,0,0,0,0
2025-02-16T11:59:36.391,2025-02-16T12:07:23.811Z,150,1,Urgência Geral,0,0,292,0,1448,3,2230,4,0,0
2025-02-16T11:59:36.359,2025-02-16T12:07:23.811Z,150,2,Urgência Pediátrica,0,0,0,0,0,0,1200,1,0,0
2025-02-16T12:00:03.754,2025-02-16T12:07:24.133Z,65413,URG1,Urgência Geral,0,0,0,0,672,0,197,1,0,0
2025-02-16T11:59:25.437,2025-02-16T12:07:24.133Z,65413,URG1,Urgência Geral,0,0,70,0,3552,6,870,2,80,0
2025-02-16T12:00:03.983,2025-02-16T12:07:24.133Z,65413,URG1,Urgência Geral,0,0,0,0,866,0,4400,1,0,0
2025-02-16T12:00:04.081,2025-02-16T12:07:24.133Z,65413,URG1,Urgência Geral,0,0,21,0,0,0,0,0,0,0
2025-02-16T12:00:04.174,2025-02-16T12:07:24.133Z,65413,URG2,Urgência Ginecológica e Obstétrica,0,0,0,0,1478,0,2232,1,0,0
2025-02-16T12:00:04.265,2025-02-16T12:07:24.133Z,65413,URG3,Urgência Pediátrica,0,0,0,0,364,1,1343,0,0,0
2025-02-16T12:02:13.713,2025-02-16T12:07:24.950Z,546,1,Urgência Geral,0,0,0,0,225,1,308,0,0,0
2025-02-16T11:56:56.3,2025-02-16T12:07:25.304Z,2563,1,Urgencia Geral,0,0,0,0,1581,1,0,0,0,0
2025-02-16T11:59:18.569,2025-02-16T12:07:40.749Z,174,1,Urgencia Geral,0,0,0,0,256,0,0,0,0,0
2025-02-16T12:00:38.745,2025-02-16T12:07:41.059Z,545,1,Urgência Geral,0,0,279,0,755,0,561,0,0,0
2025-02-16T11:58:57.356,2025-02-16T12:07:41.353Z,231,1,Urgência Geral,0,0,427,0,1231,5,0,0,0,0
2025-02-16T12:03:34.555,2025-02-16T12:07:41.510Z,221,GER,Urgência Geral,0,0,1077,0,1407,0,908,3,0,0
2025-02-16T12:07:40.763,2025-02-16T12:07:41.876Z,153,1,Urgência Geral,0,0,286,0,349,0,643,0,350,0
2025-02-16T12:07:40.841,2025-02-16T12:07:41.876Z,153,2,Urgência Pediátrica,0,0,0,0,2127,0,0,0,0,0
2025-02-16T12:00:54.452,2025-02-16T12:07:42.203Z,194,1,Urgência Geral,0,0,150,0,490,1,1019,0,0,0
2025-02-16T12:00:54.499,2025-02-16T12:07:42.203Z,194,2,Urgência Pediátrica,0,0,0,0,0,0,832,0,0,0
2025-02-16T12:00:54.468,2025-02-16T12:07:42.203Z,194,3,Urgência Obstétrica,0,0,0,0,0,0,319,0,0,0
2025-02-16T12:02:41.602,2025-02-16T12:07:42.513Z,212,6,Urgência Oftalmológica,0,0,0,0,0,0,0,0,0,0
2025-02-16T12:05:53.638,2025-02-16T12:07:43.317Z,428,1,Urgência Geral,0,0,565,0,111,0,98,2,0,0
2025-02-16T11:56:15.345,2025-02-16T12:07:43.468Z,156,1,Urgência Geral,24,0,1252,2,1357,9,1330,1,0,1
2025-02-16T11:59:33.672,2025-02-16T12:07:43.612Z,204,1,Urgência Geral,0,0,119,1,994,0,411,0,0,0
2025-02-16T12:06:23.25,2025-02-16T12:07:43.751Z,139,1,Urgência Geral,0,0,92,0,604,0,1200,0,0,0
2025-02-16T12:06:23.328,2025-02-16T12:07:43.751Z,139,2,Urgência Pediátrica,0,0,0,0,246,0,124,0,0,0
2025-02-16T12:06:23.234,2025-02-16T12:07:43.751Z,139,10,Urgência Obstétrica / Ginecológica,0,0,0,0,6044,0,0,0,0,0
2025-02-16T11:55:40.716,2025-02-16T12:07:44.099Z,138,1,Urgência Geral,0,0,332,0,25903,1,2039,0,0,0
2025-02-16T11:59:11.153,2025-02-16T12:07:44.278Z,266,1,Urgência Geral,0,0,0,0,133,0,68,1,0,2
2025-02-16T12:02:11.91,2025-02-16T12:07:44.415Z,2076,1,Urgencia Geral,0,1,846,1,1988,5,0,12,0,0
2025-02-16T12:02:11.878,2025-02-16T12:07:44.415Z,2076,2,Urgencia Pediatrica,0,0,0,0,2168,1,1710,4,0,0
2025-02-16T12:02:11.863,2025-02-16T12:07:44.415Z,2076,4,Urgencia Ginecologica,0,0,0,0,0,0,0,0,0,0
2025-02-16T11:55:27.519,2025-02-16T12:07:59.877Z,152,1,Urgência Geral,0,0,738,1,411,4,1006,5,0,1
2025-02-16T11:55:27.504,2025-02-16T12:07:59.877Z,152,2,Urgência Pediátrica,0,0,0,0,18,0,4947,6,0,0
2025-02-16T11:55:27.551,2025-02-16T12:07:59.877Z,152,10,Urgência Obstétrica / Ginecológica ,0,0,0,0,0,0,970,0,0,0
2025-02-16T12:05:53.607,2025-02-16T12:11:41.425Z,151,1,Urgência Geral,0,0,326,0,455,0,965,0,0,0
2025-02-16T12:07:38.612,2025-02-16T12:11:41.573Z,169,3,Urgencia Obstetrica,0,0,0,0,0,0,1407,0,0,0
2025-02-16T12:06:56.448,2025-02-16T12:11:41.724Z,168,2,Urgencia Pediatrica,0,0,364,0,805,0,215,0,0,0
2025-02-16T12:08:32.492,2025-02-16T12:11:57.600Z,222,1,Urgência Geral,0,0,0,0,2542,1,0,8,0,0
2025-02-16T12:00:38.683,2025-02-16T12:12:13.105Z,541,1,Urgência Geral,0,0,261,1,82,0,836,4,0,0
2025-02-16T12:09:16.457,2025-02-16T12:12:13.254Z,141,1,Urgência Geral,0,0,0,0,1459,1,953,2,0,0
2025-02-16T11:57:36.694,2025-02-16T12:12:29.447Z,145,1,Urgência Geral,0,0,106,0,615,2,1550,2,0,0
2025-02-16T11:57:36.71,2025-02-16T12:12:29.447Z,145,2,Urgência Pediátrica,0,0,0,0,473,1,1245,1,0,0
2025-02-16T11:57:36.616,2025-02-16T12:12:29.447Z,145,3,Urgência Obstétrica,0,0,0,0,0,0,0,0,0,0
2025-02-16T11:57:36.663,2025-02-16T12:12:29.447Z,145,5,Urgência Pedopsiquiátrica,0,0,0,0,0,0,0,0,0,0
2025-02-16T11:57:36.585,2025-02-16T12:12:45.358Z,318,1,Urgência Geral,0,0,0,0,333,0,0,0,0,0
2025-02-16T12:00:54.405,2025-02-16T12:13:02.252Z,191,1,Urgência Geral,0,0,730,0,2171,9,5774,3,0,0
2025-02-16T12:03:14.388,2025-02-16T12:13:17.612Z,219,1,Urgência Geral,0,0,806,0,3523,3,4908,7,0,0
2025-02-16T12:03:14.444,2025-02-16T12:13:17.612Z,219,2,Urgência Pediátrica,0,0,0,0,2925,0,686,0,0,0
2025-02-16T12:03:14.432,2025-02-16T12:13:17.612Z,219,10,Urgência Obstétrica / Ginecológica ,0,0,0,0,0,0,0,0,0,0
2025-02-16T12:04:15.082,2025-02-16T12:13:17.930Z,177,1,Urgência Geral,0,0,615,0,582,0,676,0,0,0
2025-02-16T12:06:28.403,2025-02-16T12:13:18.233Z,189,1,Urgência Geral,157,0,353,0,2294,14,1747,2,0,1
2025-02-16T12:06:28.434,2025-02-16T12:13:18.233Z,189,2,Urgência Pediátrica,0,0,850,0,1053,2,0,0,0,0
2025-02-16T12:06:28.45,2025-02-16T12:13:18.233Z,189,3,Urgência Obstétrica,0,0,0,0,1210,0,2937,0,0,0
2025-02-16T12:06:28.481,2025-02-16T12:13:18.233Z,189,4,Urgência Ginecológica,0,0,0,0,0,0,0,0,0,0
2025-02-16T12:06:23.297,2025-02-16T12:13:49.872Z,333,1,Urgência Geral,0,0,497,1,1772,1,129,2,0,0
2025-02-16T12:08:00.933,2025-02-16T12:13:50.071Z,146,GER,Urgência Geral,0,0,557,1,6112,19,6354,6,0,0
2025-02-16T12:08:00.839,2025-02-16T12:13:50.071Z,146,PED,Urgência de Pediatria,0,0,480,0,1135,1,1167,3,0,1
2025-02-16T12:10:21.89,2025-02-16T12:13:50.294Z,178,1,URGENCIA PEDIATRICA,0,0,0,0,480,0,480,1,0,0
2025-02-16T12:10:21.546,2025-02-16T12:13:50.294Z,178,5,EMERGENCIA,0,0,3600,0,1380,4,2220,0,0,0
2025-02-16T12:10:21.624,2025-02-16T12:13:50.294Z,178,5,EMERGENCIA,0,0,0,0,0,0,0,0,0,0
2025-02-16T12:10:21.687,2025-02-16T12:13:50.294Z,178,5,EMERGENCIA,0,0,660,1,0,0,0,0,0,0
2025-02-16T12:00:45.007,2025-02-16T12:14:06.079Z,173,1,Urgência Geral,0,0,186,0,614,2,189,1,0,0
2025-02-16T12:00:44.975,2025-02-16T12:14:06.079Z,173,2,Urgência Pediátrica,0,0,0,0,964,0,290,0,0,0
2025-02-16T12:00:54.421,2025-02-16T12:14:21.888Z,405,1,Urgência Geral,0,0,0,0,31,0,0,0,0,0
2025-02-16T12:06:39.087,2025-02-16T12:15:08.370Z,171,1,Urgencia Geral,186,0,746,1,893,8,2232,4,1016,0
2025-02-16T12:05:56.899,2025-02-16T12:15:09.197Z,172,3,Urgencia Obstetrica,0,0,0,0,0,0,1081,2,0,0
2025-02-16T12:12:12.22,2025-02-16T12:15:09.444Z,238,CHUA050D,Urgência Geral,0,0,0,0,0,0,0,0,0,0
2025-02-16T12:12:12.282,2025-02-16T12:15:09.444Z,238,CHUA050D,Urgência Geral,0,0,0,0,0,0,0,0,0,0
2025-02-16T12:12:12.501,2025-02-16T12:15:09.444Z,238,CHUA050D,Urgência Geral,0,0,187,0,252,0,730,0,0,0
2025-02-16T12:12:12.454,2025-02-16T12:15:09.444Z,238,CHUA050D,Urgência Geral,0,0,1300,0,21535,6,0,0,0,0
2025-02-16T12:12:12.329,2025-02-16T12:15:09.444Z,238,CHUA75E4,Urgência Pediatria,0,0,0,0,0,0,0,0,0,0
2025-02-16T11:58:57.309,2025-02-16T12:15:25.141Z,234,1,Urgência Geral,0,0,0,1,3162,1,4533,2,0,0
2025-02-16T11:58:57.325,2025-02-16T12:15:25.141Z,234,2,Urgência Pediátrica,0,0,0,0,652,0,90,0,0,0
2025-02-16T11:58:57.293,2025-02-16T12:15:25.141Z,234,3,Urgência Obstétrica,0,0,291,0,392,1,0,0,0,0
2025-02-16T12:09:16.535,2025-02-16T12:15:25.448Z,147,1,Urgência Geral,0,0,1124,0,692,0,1008,6,601,0
2025-02-16T12:09:16.488,2025-02-16T12:15:25.448Z,147,2,Urgência Pediátrica,0,0,0,0,1304,2,957,2,0,0
2025-02-16T12:09:16.52,2025-02-16T12:15:25.448Z,147,3,Urgência Obstétrica,0,0,0,0,1456,0,0,0,0,0
2025-02-16T12:07:40.7,2025-02-16T12:15:25.851Z,431,1,Urgência Geral,0,0,211,0,808,0,3876,3,0,0
2025-02-16T12:05:31.362,2025-02-16T12:15:41.220Z,179,9,Urgência Psiquiátrica,0,0,68,0,241,0,296,2,0,0
2025-02-16T11:59:57.344,2025-02-16T12:15:41.220Z,179,CHTV289C,SU Pediátrica,0,0,0,0,751,1,3016,8,0,1
2025-02-16T11:59:56.562,2025-02-16T12:15:41.220Z,179,CHTV6429,SU Geral,0,0,0,0,0,0,0,0,0,0
2025-02-16T11:59:56.52,2025-02-16T12:15:41.220Z,179,CHTV6429,SU Geral,0,0,0,0,0,0,0,0,0,0
2025-02-16T11:59:57.109,2025-02-16T12:15:41.220Z,179,CHTV6429,SU Geral,0,0,0,0,0,0,0,0,0,0
2025-02-16T11:59:57.156,2025-02-16T12:15:41.220Z,179,CHTV6429,SU Geral,0,0,426,0,1163,3,3217,17,0,1
2025-02-16T11:59:56.906,2025-02-16T12:15:41.220Z,179,CHTV6429,SU Geral,0,0,0,0,0,0,0,0,0,0
2025-02-16T11:59:56.332,2025-02-16T12:15:41.220Z,179,CHTV6429,SU Geral,0,0,0,0,0,0,0,0,0,0
2025-02-16T11:59:57.225,2025-02-16T12:15:41.220Z,179,CHTV6429,SU Geral,0,0,0,0,0,0,0,0,0,0
2025-02-16T11:59:55.984,2025-02-16T12:15:41.220Z,179,CHTV6429,SU Geral,0,0,0,0,0,0,0,0,0,0
2025-02-16T11:59:56.092,2025-02-16T12:15:41.220Z,179,CHTV6429,SU Geral,0,0,0,0,0,0,0,0,0,0
2025-02-16T11:59:57.069,2025-02-16T12:15:41.220Z,179,CHTV6429,SU Geral,0,0,0,0,0,0,0,0,0,0
2025-02-16T11:59:56.125,2025-02-16T12:15:41.220Z,179,CHTV6429,SU Geral,0,0,0,0,0,0,0,0,0,0
2025-02-16T11:59:56.223,2025-02-16T12:15:41.220Z,179,CHTV6429,SU Geral,0,0,0,0,0,0,0,0,0,0
2025-02-16T11:59:56.426,2025-02-16T12:15:41.220Z,179,CHTV6429,SU Geral,0,0,0,0,0,0,0,0,0,0
2025-02-16T11:59:56.772,2025-02-16T12:15:41.220Z,179,CHTV6429,SU Geral,0,0,0,0,0,0,0,0,0,0
2025-02-16T11:59:56.816,2025-02-16T12:15:41.220Z,179,CHTV6429,SU Geral,0,0,0,0,0,0,0,0,0,0
2025-02-16T11:59:57.02,2025-02-16T12:15:41.220Z,179,CHTV6429,SU Geral,0,0,0,0,0,0,0,0,0,0
2025-02-16T11:59:56.866,2025-02-16T12:15:41.220Z,179,CHTV6429,SU Geral,0,0,0,0,0,0,0,0,0,0
2025-02-16T11:59:56.285,2025-02-16T12:15:41.220Z,179,CHTV6429,SU Geral,0,0,0,0,0,0,0,0,0,0
2025-02-16T11:59:56.38,2025-02-16T12:15:41.220Z,179,CHTV6429,SU Geral,0,0,0,0,0,0,0,0,0,0
2025-02-16T11:59:56.709,2025-02-16T12:15:41.220Z,179,CHTV6429,SU Geral,0,0,0,0,0,0,0,0,0,0
2025-02-16T11:59:56.453,2025-02-16T12:15:41.220Z,179,CHTV6429,SU Geral,0,0,0,0,0,0,0,0,0,0
2025-02-16T11:59:56.656,2025-02-16T12:15:41.220Z,179,CHTV6429,SU Geral,0,0,0,0,0,0,0,0,0,0
2025-02-16T11:59:56.957,2025-02-16T12:15:41.220Z,179,CHTV6429,SU Geral,0,0,0,0,0,0,0,0,0,0
2025-02-16T11:59:56.045,2025-02-16T12:15:41.220Z,179,CHTV6429,SU Geral,0,0,0,0,0,0,0,0,0,0
2025-02-16T11:59:56.615,2025-02-16T12:15:41.220Z,179,CHTV6429,SU Geral,0,0,0,0,0,0,0,0,0,0
2025-02-16T11:59:56.176,2025-02-16T12:15:41.220Z,179,CHTV6429,SU Geral,0,0,0,0,0,0,0,0,0,0
2025-02-16T12:04:45.398,2025-02-16T12:15:43.710Z,181,1,Urgência Geral,0,0,521,1,1392,2,1584,0,0,0
2025-02-16T12:04:45.43,2025-02-16T12:15:43.710Z,181,2,Urgência Pediátrica,0,0,0,0,880,1,1025,1,0,0
2025-02-16T12:06:05.506,2025-02-16T12:15:59.809Z,233,1,Urgência Geral,0,0,1487,1,3050,2,3378,1,336,0
2025-02-16T12:06:05.521,2025-02-16T12:15:59.809Z,233,2,Urgência Pediátrica,0,0,0,0,0,0,1219,0,0,0
2025-02-16T12:06:28.387,2025-02-16T12:16:00.051Z,182,1,Urgência Geral,0,0,337,0,2175,4,2627,2,0,0
2025-02-16T12:06:16.544,2025-02-16T12:16:00.202Z,160,2,Urgência Pediátrica,0,0,0,0,0,0,0,0,0,0
2025-02-16T12:06:16.576,2025-02-16T12:16:00.202Z,160,10,Urgência Obstétrica / Ginecológica ,0,0,0,0,0,0,0,0,0,0
2025-02-16T11:59:33.781,2025-02-16T12:16:31.345Z,203,1,Urgência Geral,0,0,1448,1,1043,3,2057,1,0,0
2025-02-16T11:59:33.765,2025-02-16T12:16:31.345Z,203,2,Urgência Pediátrica,0,0,0,0,0,0,0,0,0,0
2025-02-16T12:07:40.872,2025-02-16T12:16:31.593Z,183,1,Urgência Geral,0,0,381,0,3460,3,4400,3,0,1
2025-02-16T12:10:01.989,2025-02-16T12:16:47.090Z,149,301000,Urgência Geral Braga,0,0,564,0,1392,4,810,0,0,0
2025-02-16T12:10:02.066,2025-02-16T12:16:47.090Z,149,302000,Urgência Pediátrica Braga,0,0,400,0,369,1,1810,4,0,0
2025-02-16T12:10:02.13,2025-02-16T12:16:47.090Z,149,303000,Urgência Obstétrica Braga,0,0,0,0,3806,2,0,0,0,0
2025-02-16T12:08:12.046,2025-02-16T12:16:47.410Z,215,1,Urgência Geral,0,0,3012,3,1881,7,3494,3,0,0
2025-02-16T12:08:12.109,2025-02-16T12:16:47.410Z,215,2,Urgência Pediátrica,0,0,151,0,1081,1,955,1,0,0
2025-02-16T12:08:12.077,2025-02-16T12:16:47.410Z,215,10,Urgência Obstétrica / Ginecológica ,0,0,0,0,0,0,0,0,0,0
2025-02-16T12:12:45.106,2025-02-16T12:16:47.727Z,216,1,Urgência Geral,0,0,907,0,1107,6,1548,2,0,0
2025-02-16T12:12:45.163,2025-02-16T12:16:47.727Z,216,2,Urgência Pediátrica,0,0,366,0,2887,1,1404,2,0,0
2025-02-16T12:12:45.038,2025-02-16T12:16:47.727Z,216,10,Urgência Obstétrica / Ginecológica ,0,0,0,0,0,0,2060,0,0,0
2025-02-16T12:06:14.236,2025-02-16T12:17:03.778Z,362,1,Urgencia Geral,0,0,1873,0,1286,1,2447,1,0,0
2025-02-16T12:11:17.059,2025-02-16T12:17:03.950Z,235,1,Urgência Geral,0,0,774,0,4089,9,6664,2,0,0
2025-02-16T12:10:38.5,2025-02-16T12:17:03.950Z,235,2,Urgência Pediátrica,0,0,367,0,1363,1,2899,2,0,0
2025-02-16T12:11:16.981,2025-02-16T12:17:03.950Z,235,3,Urgência Obstétrica,0,0,0,1,0,0,0,0,0,0
2025-02-16T12:10:05.42,2025-02-16T12:17:19.544Z,75458,GO,Urgência Ginecologia / Obstetricia,0,0,0,0,0,0,0,0,0,0
2025-02-16T12:10:05.217,2025-02-16T12:17:19.544Z,75458,GER,Urgência Geral,0,0,300,0,1860,6,3120,8,0,0
2025-02-16T12:10:05.326,2025-02-16T12:17:19.544Z,75458,PED,Urgência Pediátrica,0,0,0,0,0,0,0,0,0,0
2025-02-16T12:12:17.822,2025-02-16T12:17:19.853Z,517,1,Urgência Geral,0,0,0,0,41,0,578,1,241,0
2025-02-16T12:09:49.586,2025-02-16T12:17:20.000Z,136,1,Urgência Geral,0,0,0,0,278,0,0,1,0,0
2025-02-16T12:16:22.408,2025-02-16T12:17:36.855Z,237,CHUA050D,Urgência Geral,0,0,0,0,0,0,0,0,0,0
2025-02-16T12:13:15.458,2025-02-16T12:17:37.003Z,218,CHLN1B20,Urgência Central,0,0,0,0,1067,2,1868,2,0,0
2025-02-16T12:13:15.505,2025-02-16T12:17:37.003Z,218,CHLN1B20,Urgência Central,0,0,0,1,2441,5,3632,4,0,0
2025-02-16T12:13:41.469,2025-02-16T12:17:37.228Z,229,URGGO,Urgência de Ginecologia e Obstetrícia,0,0,0,0,8860,3,0,1,0,0
2025-02-16T12:09:19.129,2025-02-16T12:17:37.374Z,180,1,Urgencia Geral,0,0,2370,0,4934,19,14725,6,0,1
2025-02-16T12:09:19.254,2025-02-16T12:17:37.374Z,180,2,Urgencia Pediatrica,0,0,2983,0,2183,1,3169,1,0,0
2025-02-16T12:09:19.16,2025-02-16T12:17:37.374Z,180,3,Urgencia Obstetrica,0,1,0,0,0,0,0,0,0,0
2025-02-16T12:09:36.338,2025-02-16T12:17:37.687Z,150,1,Urgência Geral,0,0,292,0,1606,5,2821,4,0,0
2025-02-16T12:09:36.306,2025-02-16T12:17:37.687Z,150,2,Urgência Pediátrica,0,0,0,0,0,0,924,2,0,0
2025-02-16T12:12:17.869,2025-02-16T12:17:38.228Z,546,1,Urgência Geral,0,0,0,0,139,1,308,0,0,0
2025-02-16T12:07:59.709,2025-02-16T12:17:38.471Z,2563,1,Urgencia Geral,0,0,0,0,1905,1,0,0,0,0
2025-02-16T12:09:19.207,2025-02-16T12:17:38.611Z,174,1,Urgencia Geral,0,0,0,0,256,0,0,0,0,0
2025-02-16T12:08:57.364,2025-02-16T12:17:54.172Z,231,1,Urgência Geral,0,0,427,2,1231,6,0,0,0,0
2025-02-16T12:10:34.211,2025-02-16T12:17:54.329Z,221,GER,Urgência Geral,0,0,979,0,1407,2,908,3,0,0
2025-02-16T12:17:45.041,2025-02-16T12:17:54.471Z,153,1,Urgência Geral,0,0,286,0,349,0,643,1,350,0
2025-02-16T12:17:45.213,2025-02-16T12:17:54.471Z,153,2,Urgência Pediátrica,0,0,0,0,2127,0,0,0,0,0
2025-02-16T12:10:54.47,2025-02-16T12:17:54.706Z,194,1,Urgência Geral,0,0,150,0,469,1,1019,1,0,0
2025-02-16T12:10:54.45,2025-02-16T12:17:54.706Z,194,2,Urgência Pediátrica,0,0,0,0,0,0,670,0,0,0
2025-02-16T12:10:54.428,2025-02-16T12:17:54.706Z,194,3,Urgência Obstétrica,0,0,0,0,0,0,246,0,0,0
2025-02-16T12:12:45.134,2025-02-16T12:17:55.024Z,212,6,Urgência Oftalmológica,0,0,0,0,0,0,0,0,0,0
2025-02-16T12:15:53.578,2025-02-16T12:17:55.949Z,428,1,Urgência Geral,0,0,565,0,111,0,98,2,0,0
2025-02-16T12:06:16.591,2025-02-16T12:17:56.183Z,156,1,Urgência Geral,24,0,1278,1,1439,6,1330,2,0,0
2025-02-16T12:09:33.723,2025-02-16T12:17:56.439Z,204,1,Urgência Geral,0,0,119,1,994,0,587,2,0,0
2025-02-16T12:16:22.482,2025-02-16T12:18:12.196Z,138,1,Urgência Geral,0,0,332,0,569,1,2157,0,0,0
2025-02-16T12:09:49.539,2025-02-16T12:18:12.483Z,266,1,Urgência Geral,0,0,0,0,133,0,153,3,0,2
2025-02-16T12:12:15.985,2025-02-16T12:18:12.639Z,2076,1,Urgencia Geral,0,1,846,1,1989,5,0,12,0,0
2025-02-16T12:12:16,2025-02-16T12:18:12.639Z,2076,2,Urgencia Pediatrica,0,0,0,0,1765,1,1710,4,0,0
2025-02-16T12:12:15.969,2025-02-16T12:18:12.639Z,2076,4,Urgencia Ginecologica,0,0,0,0,0,0,0,0,0,0
2025-02-16T12:15:27.456,2025-02-16T12:18:12.951Z,152,1,Urgência Geral,0,0,777,1,479,5,992,1,2286,0
2025-02-16T12:15:27.488,2025-02-16T12:18:12.951Z,152,2,Urgência Pediátrica,0,0,0,0,18,0,3904,1,0,0
2025-02-16T12:15:27.503,2025-02-16T12:18:12.951Z,152,10,Urgência Obstétrica / Ginecológica ,0,0,0,0,0,0,0,0,0,0
2025-02-16T12:13:41,2025-02-16T12:19:59.798Z,211,URGGER,Urgência Polivalente,0,0,171,0,295,0,0,0,0,0
2025-02-16T12:13:41.031,2025-02-16T12:19:59.798Z,211,URGGER,Urgência Polivalente,0,0,0,0,364,0,0,0,0,0
2025-02-16T12:13:41.047,2025-02-16T12:19:59.798Z,211,URGGER,Urgência Polivalente,0,0,0,0,0,0,0,0,0,0
2025-02-16T12:13:41.078,2025-02-16T12:19:59.798Z,211,URGGER,Urgência Polivalente,0,0,0,0,312,0,944,0,0,0
2025-02-16T12:13:41.109,2025-02-16T12:19:59.798Z,211,URGGER,Urgência Polivalente,0,0,0,0,0,0,0,0,0,0
2025-02-16T12:13:41.141,2025-02-16T12:19:59.798Z,211,URGGER,Urgência Polivalente,0,0,0,0,1675,0,0,0,0,1
2025-02-16T12:18:32.508,2025-02-16T12:20:00.367Z,213,1,Urgência Geral,0,0,1013,0,3187,6,10663,4,0,0
2025-02-16T12:18:32.477,2025-02-16T12:20:00.367Z,213,2,Urgência Pediátrica,0,0,0,0,616,0,1316,1,0,0
2025-02-16T12:18:32.523,2025-02-16T12:20:00.367Z,213,10,Urgência Obstétrica / Ginecológica ,0,0,0,0,0,0,0,0,0,0
2025-02-16T12:11:17.012,2025-02-16T12:20:15.975Z,541,1,Urgência Geral,0,0,339,0,78,1,836,4,0,0
2025-02-16T12:09:33.739,2025-02-16T12:20:16.226Z,205,1,Urgência Geral,0,0,309,0,636,0,645,5,0,0
2025-02-16T12:09:33.645,2025-02-16T12:20:16.226Z,205,2,Urgência Pediátrica,0,0,0,0,1224,1,2166,2,0,0
2025-02-16T12:09:33.677,2025-02-16T12:20:16.226Z,205,3,Urgência Obstétrica,0,0,0,0,0,0,0,0,0,0
2025-02-16T12:07:40.81,2025-02-16T12:20:31.744Z,145,1,Urgência Geral,0,0,106,0,588,2,1550,2,0,0
2025-02-16T12:07:40.779,2025-02-16T12:20:31.744Z,145,2,Urgência Pediátrica,0,0,0,0,541,0,1245,1,0,0
2025-02-16T12:07:40.732,2025-02-16T12:20:31.744Z,145,3,Urgência Obstétrica,0,0,0,0,0,1,0,0,0,0
2025-02-16T12:07:40.669,2025-02-16T12:20:31.744Z,145,5,Urgência Pedopsiquiátrica,0,0,0,0,0,0,0,0,0,0
2025-02-16T12:07:40.638,2025-02-16T12:20:47.365Z,318,1,Urgência Geral,0,0,0,0,333,0,0,0,0,0
2025-02-16T12:10:21.812,2025-02-16T12:21:02.647Z,184,31,SERVICO URGENCIA BASICO,0,0,0,0,5040,11,3720,1,0,0
2025-02-16T12:10:54.378,2025-02-16T12:21:33.907Z,191,1,Urgência Geral,0,0,730,0,3460,10,5774,3,0,0
2025-02-16T12:13:14.286,2025-02-16T12:21:49.259Z,219,1,Urgência Geral,0,0,806,1,3471,4,4477,7,0,0
2025-02-16T12:13:14.333,2025-02-16T12:21:49.259Z,219,2,Urgência Pediátrica,0,0,0,0,2925,0,686,0,0,0
2025-02-16T12:13:14.302,2025-02-16T12:21:49.259Z,219,10,Urgência Obstétrica / Ginecológica ,0,0,0,0,0,0,0,0,0,0
2025-02-16T12:14:15.266,2025-02-16T12:21:49.589Z,177,1,Urgência Geral,0,0,615,0,745,1,676,0,0,0
2025-02-16T12:16:28.639,2025-02-16T12:21:49.887Z,189,1,Urgência Geral,157,0,353,1,2164,15,1747,2,0,2
2025-02-16T12:16:28.545,2025-02-16T12:21:49.887Z,189,2,Urgência Pediátrica,0,0,850,0,1230,2,0,0,0,0
2025-02-16T12:16:28.623,2025-02-16T12:21:49.887Z,189,3,Urgência Obstétrica,0,0,0,0,1210,0,0,0,0,0
2025-02-16T12:16:28.592,2025-02-16T12:21:49.887Z,189,4,Urgência Ginecológica,0,0,0,0,0,0,0,0,0,0
2025-02-16T12:13:41.25,2025-02-16T12:22:05.499Z,208,URGPED,Urgência Pediátrica,0,0,0,0,0,0,0,0,0,0
2025-02-16T12:13:41.282,2025-02-16T12:22:05.499Z,208,URGPED,Urgência Pediátrica,0,0,0,0,0,0,829,3,2345,1
2025-02-16T12:13:41.313,2025-02-16T12:22:05.499Z,208,URGPED,Urgência Pediátrica,0,0,0,0,295,1,2285,1,0,0
2025-02-16T12:13:41.36,2025-02-16T12:22:05.499Z,208,URGPED,Urgência Pediátrica,0,0,0,0,0,0,0,0,0,0
2025-02-16T12:13:41.391,2025-02-16T12:22:05.499Z,208,URGPED,Urgência Pediátrica,0,0,0,0,3260,3,3324,3,0,0
2025-02-16T12:19:19.264,2025-02-16T12:22:05.984Z,186,1,Urgencia Geral,0,0,1132,0,1745,0,4689,2,0,0
2025-02-16T12:16:22.466,2025-02-16T12:22:21.823Z,333,1,Urgência Geral,0,0,509,0,1893,0,5816,1,0,0
2025-02-16T12:15:01.072,2025-02-16T12:22:21.974Z,146,GER,Urgência Geral,0,0,572,0,6082,21,4302,6,0,0
2025-02-16T12:15:00.962,2025-02-16T12:22:21.974Z,146,PED,Urgência de Pediatria,0,0,480,0,1135,1,1167,5,0,1
2025-02-16T12:19:43.114,2025-02-16T12:22:22.428Z,185,21,SERVICO URGENCIA BASICO,0,0,0,0,240,0,240,0,0,0
2025-02-16T12:10:44.861,2025-02-16T12:22:37.773Z,173,1,Urgência Geral,0,0,186,0,575,1,700,0,0,0
2025-02-16T12:10:44.892,2025-02-16T12:22:37.773Z,173,2,Urgência Pediátrica,0,0,0,0,1337,0,290,0,0,0
2025-02-16T12:10:54.407,2025-02-16T12:22:53.136Z,405,1,Urgência Geral,0,0,0,0,31,0,0,0,0,0
2025-02-16T12:09:49.618,2025-02-16T12:23:08.506Z,135,1,Urgência Geral,0,0,207,0,213,3,382,0,0,0
2025-02-16T12:09:49.571,2025-02-16T12:23:23.984Z,137,1,Urgência Geral,0,0,1030,0,3683,3,5440,2,0,0
2025-02-16T12:14:15.297,2025-02-16T12:23:39.340Z,220,1,Urgência Geral,0,0,1241,0,1551,6,2214,1,0,0
2025-02-16T12:14:15.186,2025-02-16T12:23:39.340Z,220,2,Urgência Pediátrica,0,0,0,0,1271,0,215,1,0,0
2025-02-16T12:14:15.207,2025-02-16T12:23:39.340Z,220,10,Urgência Obstétrica / Ginecológica ,0,0,0,0,0,0,0,0,0,0
2025-02-16T12:14:15.219,2025-02-16T12:23:39.854Z,2564,1,Urgência Geral,0,0,44,1,3915,4,0,5,0,0
2025-02-16T12:14:15.25,2025-02-16T12:23:39.854Z,2564,2,Urgência Pediátrica,0,0,0,0,183,0,478,0,0,0
2025-02-16T12:14:15.16,2025-02-16T12:23:39.854Z,2564,10,Urgência Obstétrica / Ginecológica ,0,0,0,0,0,0,0,0,0,0
2025-02-16T12:17:17.588,2025-02-16T12:23:40.194Z,171,1,Urgencia Geral,186,0,745,0,1057,9,2453,4,1016,1
2025-02-16T12:16:14.304,2025-02-16T12:23:41.193Z,172,3,Urgencia Obstetrica,0,0,0,0,0,0,1468,1,0,0
2025-02-16T12:08:57.38,2025-02-16T12:24:12.108Z,234,1,Urgência Geral,0,0,0,1,3162,1,4477,1,0,0
2025-02-16T12:08:57.316,2025-02-16T12:24:12.108Z,234,2,Urgência Pediátrica,0,0,0,0,652,0,90,1,0,0
2025-02-16T12:08:57.331,2025-02-16T12:24:12.108Z,234,3,Urgência Obstétrica,0,0,291,0,392,1,0,0,0,0
2025-02-16T12:19:16.436,2025-02-16T12:24:12.436Z,147,1,Urgência Geral,0,0,1124,0,745,1,1099,5,601,0
2025-02-16T12:19:16.451,2025-02-16T12:24:12.436Z,147,2,Urgência Pediátrica,0,0,0,0,1304,2,1116,2,0,0
2025-02-16T12:19:16.404,2025-02-16T12:24:12.436Z,147,3,Urgência Obstétrica,0,0,0,0,1456,0,0,0,0,0
2025-02-16T12:15:31.381,2025-02-16T12:24:43.305Z,179,9,Urgência Psiquiátrica,0,0,68,0,235,1,334,2,0,0
2025-02-16T12:10:06.508,2025-02-16T12:24:43.305Z,179,CHTV289C,SU Pediátrica,0,0,0,0,682,0,2789,8,0,1
2025-02-16T12:10:05.788,2025-02-16T12:24:43.305Z,179,CHTV6429,SU Geral,0,0,0,0,0,0,0,0,0,0
2025-02-16T12:10:05.721,2025-02-16T12:24:43.305Z,179,CHTV6429,SU Geral,0,0,0,0,0,0,0,0,0,0
2025-02-16T12:10:06.311,2025-02-16T12:24:43.305Z,179,CHTV6429,SU Geral,0,0,0,0,0,0,0,0,0,0
2025-02-16T12:10:06.366,2025-02-16T12:24:43.305Z,179,CHTV6429,SU Geral,0,0,426,0,1233,3,3046,17,0,1
2025-02-16T12:10:06.11,2025-02-16T12:24:43.305Z,179,CHTV6429,SU Geral,0,0,0,0,0,0,0,0,0,0
2025-02-16T12:10:05.511,2025-02-16T12:24:43.305Z,179,CHTV6429,SU Geral,0,0,0,0,0,0,0,0,0,0
2025-02-16T12:10:06.42,2025-02-16T12:24:43.305Z,179,CHTV6429,SU Geral,0,0,0,0,0,0,0,0,0,0
2025-02-16T12:10:05.15,2025-02-16T12:24:43.305Z,179,CHTV6429,SU Geral,0,0,0,0,0,0,0,0,0,0
2025-02-16T12:10:05.272,2025-02-16T12:24:43.305Z,179,CHTV6429,SU Geral,0,0,0,0,0,0,0,0,0,0
2025-02-16T12:10:06.256,2025-02-16T12:24:43.305Z,179,CHTV6429,SU Geral,0,0,0,0,0,0,0,0,0,0
2025-02-16T12:10:05.319,2025-02-16T12:24:43.305Z,179,CHTV6429,SU Geral,0,0,0,0,0,0,0,0,0,0
2025-02-16T12:10:05.411,2025-02-16T12:24:43.305Z,179,CHTV6429,SU Geral,0,0,0,0,0,0,0,0,0,0
2025-02-16T12:10:05.632,2025-02-16T12:24:43.305Z,179,CHTV6429,SU Geral,0,0,0,0,0,0,0,0,0,0
2025-02-16T12:10:05.976,2025-02-16T12:24:43.305Z,179,CHTV6429,SU Geral,0,0,0,0,0,0,0,0,0,0
2025-02-16T12:10:06.014,2025-02-16T12:24:43.305Z,179,CHTV6429,SU Geral,0,0,0,0,0,0,0,0,0,0
2025-02-16T12:10:06.217,2025-02-16T12:24:43.305Z,179,CHTV6429,SU Geral,0,0,0,0,0,0,0,0,0,0
2025-02-16T12:10:06.061,2025-02-16T12:24:43.305Z,179,CHTV6429,SU Geral,0,0,0,0,0,0,0,0,0,0
2025-02-16T12:10:05.467,2025-02-16T12:24:43.305Z,179,CHTV6429,SU Geral,0,0,0,0,0,0,0,0,0,0
2025-02-16T12:10:05.562,2025-02-16T12:24:43.305Z,179,CHTV6429,SU Geral,0,0,0,0,0,0,0,0,0,0
2025-02-16T12:10:05.912,2025-02-16T12:24:43.305Z,179,CHTV6429,SU Geral,0,0,0,0,0,0,0,0,0,0
2025-02-16T12:10:05.67,2025-02-16T12:24:43.305Z,179,CHTV6429,SU Geral,0,0,0,0,0,0,0,0,0,0
2025-02-16T12:10:05.873,2025-02-16T12:24:43.305Z,179,CHTV6429,SU Geral,0,0,0,0,0,0,0,0,0,0
2025-02-16T12:10:06.17,2025-02-16T12:24:43.305Z,179,CHTV6429,SU Geral,0,0,0,0,0,0,0,0,0,0
2025-02-16T12:10:05.217,2025-02-16T12:24:43.305Z,179,CHTV6429,SU Geral,0,0,0,0,0,0,0,0,0,0
2025-02-16T12:10:05.826,2025-02-16T12:24:43.305Z,179,CHTV6429,SU Geral,0,0,0,0,0,0,0,0,0,0
2025-02-16T12:10:05.373,2025-02-16T12:24:43.305Z,179,CHTV6429,SU Geral,0,0,0,0,0,0,0,0,0,0
2025-02-16T12:14:46.682,2025-02-16T12:24:46.445Z,181,1,Urgência Geral,0,0,521,2,1463,0,1584,0,0,0
2025-02-16T12:14:46.651,2025-02-16T12:24:46.445Z,181,2,Urgência Pediátrica,0,0,0,0,776,0,969,0,0,0
2025-02-16T12:16:28.654,2025-02-16T12:25:02.885Z,182,1,Urgência Geral,0,0,337,0,2267,2,0,3,0,0
2025-02-16T12:16:23.735,2025-02-16T12:25:03.065Z,160,2,Urgência Pediátrica,0,0,0,0,0,0,0,0,0,0
2025-02-16T12:16:23.751,2025-02-16T12:25:03.065Z,160,10,Urgência Obstétrica / Ginecológica ,0,0,0,0,0,0,0,0,0,0
2025-02-16T12:08:42.924,2025-02-16T12:25:18.570Z,2565,1,Urgência Geral,0,0,177,0,1242,4,3658,1,0,0
2025-02-16T12:08:42.971,2025-02-16T12:25:18.570Z,2565,2,Urgência Pediátrica,0,0,281,0,704,1,0,1,0,0
2025-02-16T12:08:42.955,2025-02-16T12:25:18.570Z,2565,3,Urgência Obstétrica,0,0,0,0,2842,1,0,0,0,0
2025-02-16T12:08:42.908,2025-02-16T12:25:18.570Z,2565,4,Urgência Ginecológica,0,0,0,0,2231,0,0,0,0,0
2025-02-16T12:08:42.877,2025-02-16T12:25:18.570Z,2565,9,Urgência Psiquiátrica,0,0,0,0,0,0,0,0,0,0
2025-02-16T12:15:01.728,2025-02-16T12:25:19.088Z,214,10011,Urgência Geral,0,0,0,0,1176,9,2152,2,0,1
2025-02-16T12:15:01.974,2025-02-16T12:25:19.088Z,214,10012,Urgência Pediátrica,0,0,0,0,359,0,615,0,2997,0
2025-02-16T12:15:02.177,2025-02-16T12:25:19.088Z,214,10013,Urgência Ginecológica/Obstétrica,0,0,0,0,0,0,0,0,0,0
2025-02-16T12:09:33.77,2025-02-16T12:25:34.557Z,203,1,Urgência Geral,0,0,1448,1,956,4,2057,1,0,0
2025-02-16T12:09:33.692,2025-02-16T12:25:34.557Z,203,2,Urgência Pediátrica,0,0,0,0,0,0,0,0,0,0
2025-02-16T12:17:45.198,2025-02-16T12:25:34.842Z,183,1,Urgência Geral,0,0,381,0,3460,4,4462,3,0,1
2025-02-16T12:10:05.103,2025-02-16T12:25:50.298Z,175,CHTVF6E0,Urgência Básica,0,1,0,0,1251,0,313,6,1266,0
2025-02-16T12:10:05.069,2025-02-16T12:25:50.298Z,175,CHTVF6E0,Urgência Básica,0,0,0,0,0,0,0,0,0,0
2025-02-16T12:20:02.237,2025-02-16T12:25:50.597Z,149,301000,Urgência Geral Braga,0,0,564,0,1336,2,854,0,0,0
2025-02-16T12:20:02.324,2025-02-16T12:25:50.597Z,149,302000,Urgência Pediátrica Braga,0,0,400,0,369,2,1810,4,0,0
2025-02-16T12:20:02.384,2025-02-16T12:25:50.597Z,149,303000,Urgência Obstétrica Braga,0,0,0,0,3806,3,0,0,0,0
2025-02-16T12:18:16.084,2025-02-16T12:25:50.943Z,215,1,Urgência Geral,0,0,3012,3,2742,8,3553,4,0,0
2025-02-16T12:18:16.099,2025-02-16T12:25:50.943Z,215,2,Urgência Pediátrica,0,0,93,0,967,0,955,1,0,0
2025-02-16T12:18:16.131,2025-02-16T12:25:50.943Z,215,10,Urgência Obstétrica / Ginecológica ,0,0,0,0,0,0,0,0,0,0
2025-02-16T12:15:53.625,2025-02-16T12:26:07.015Z,155,1,Urgência Geral,0,0,196,0,1640,2,1223,2,0,0
2025-02-16T12:15:53.549,2025-02-16T12:26:07.015Z,155,2,Urgência Pediátrica,0,0,2168,0,1030,0,2066,1,0,0
2025-02-16T12:15:53.594,2025-02-16T12:26:07.015Z,155,10,Urgência Obstétrica / Ginecológica ,0,0,0,0,0,0,0,0,0,0
2025-02-16T12:15:53.225,2025-02-16T12:26:22.563Z,362,1,Urgencia Geral,0,0,1873,1,1258,1,2447,1,0,0
2025-02-16T12:21:16.625,2025-02-16T12:26:22.720Z,235,1,Urgência Geral,0,0,774,1,3675,9,6664,2,0,0
2025-02-16T12:21:16.657,2025-02-16T12:26:22.720Z,235,2,Urgência Pediátrica,0,0,367,0,1363,1,3925,2,0,0
2025-02-16T12:21:16.688,2025-02-16T12:26:22.720Z,235,3,Urgência Obstétrica,0,0,0,1,0,0,0,0,0,0
2025-02-16T12:20:11.03,2025-02-16T12:26:23.027Z,75458,GO,Urgência Ginecologia / Obstetricia,0,0,0,0,0,0,0,0,0,0
2025-02-16T12:20:10.858,2025-02-16T12:26:23.027Z,75458,GER,Urgência Geral,0,0,0,0,1620,6,3120,10,0,0
2025-02-16T12:20:10.936,2025-02-16T12:26:23.027Z,75458,PED,Urgência Pediátrica,0,0,0,0,0,0,0,0,0,0
2025-02-16T12:17:58.582,2025-02-16T12:26:23.335Z,517,1,Urgência Geral,0,0,0,0,41,0,464,1,241,0
2025-02-16T12:19:52.873,2025-02-16T12:26:23.497Z,136,1,Urgência Geral,0,0,0,0,278,0,95,0,0,0
2025-02-16T12:16:05.468,2025-02-16T12:26:40.279Z,553,1,Urgência Geral,0,0,0,0,407,0,528,0,850,1
2025-02-16T12:18:40.848,2025-02-16T12:27:11.236Z,180,1,Urgencia Geral,0,0,2370,0,5375,20,14725,7,0,1
2025-02-16T12:19:19.358,2025-02-16T12:27:11.236Z,180,2,Urgencia Pediatrica,0,0,0,0,1337,0,2682,0,0,0
2025-02-16T12:19:19.326,2025-02-16T12:27:11.236Z,180,3,Urgencia Obstetrica,0,1,0,0,0,0,0,0,0,0
2025-02-16T12:19:36.376,2025-02-16T12:27:11.566Z,150,1,Urgência Geral,0,0,292,0,1525,5,3182,4,0,0
2025-02-16T12:19:36.392,2025-02-16T12:27:11.566Z,150,2,Urgência Pediátrica,0,0,0,0,0,0,1195,2,0,0
2025-02-16T12:15:04.948,2025-02-16T12:27:11.916Z,65413,URG1,Urgência Geral,0,0,0,0,186,0,197,1,0,0
2025-02-16T12:15:05.073,2025-02-16T12:27:11.916Z,65413,URG1,Urgência Geral,0,0,61,0,3965,7,612,1,80,0
2025-02-16T12:15:05.172,2025-02-16T12:27:11.916Z,65413,URG1,Urgência Geral,0,0,0,0,866,0,6131,1,0,0
2025-02-16T12:15:05.292,2025-02-16T12:27:11.916Z,65413,URG1,Urgência Geral,0,0,21,0,0,0,0,0,0,0
2025-02-16T12:15:05.376,2025-02-16T12:27:11.916Z,65413,URG2,Urgência Ginecológica e Obstétrica,0,0,0,0,1478,0,2498,0,0,0
2025-02-16T12:15:05.486,2025-02-16T12:27:11.916Z,65413,URG3,Urgência Pediátrica,0,0,0,0,543,0,1343,0,0,0
2025-02-16T12:17:58.613,2025-02-16T12:27:12.628Z,546,1,Urgência Geral,0,0,0,0,373,0,308,0,0,0
2025-02-16T12:17:38.672,2025-02-16T12:27:13.043Z,2563,1,Urgencia Geral,0,0,0,0,1905,1,0,0,0,0
2025-02-16T12:19:19.389,2025-02-16T12:27:13.308Z,174,1,Urgencia Geral,0,0,0,0,323,0,0,0,0,0
2025-02-16T12:11:17.044,2025-02-16T12:27:28.830Z,545,1,Urgência Geral,0,0,279,0,755,0,718,0,0,0
2025-02-16T12:18:57.374,2025-02-16T12:27:29.049Z,231,1,Urgência Geral,0,0,606,0,1231,6,0,0,0,0
2025-02-16T12:19:11.303,2025-02-16T12:27:29.312Z,221,GER,Urgência Geral,0,0,979,0,1407,2,959,5,0,0
2025-02-16T12:22:49.121,2025-02-16T12:28:00.474Z,212,6,Urgência Oftalmológica,0,0,0,0,0,0,0,0,0,0
2025-02-16T12:25:53.625,2025-02-16T12:28:01.627Z,428,1,Urgência Geral,0,0,565,0,136,0,98,2,0,0
2025-02-16T12:26:17.188,2025-02-16T12:28:01.910Z,156,1,Urgência Geral,24,0,1294,1,1535,5,1264,1,0,0
2025-02-16T12:19:33.775,2025-02-16T12:28:02.067Z,204,1,Urgência Geral,0,0,780,0,509,0,459,2,0,0
2025-02-16T12:16:22.419,2025-02-16T12:28:02.265Z,139,1,Urgência Geral,0,0,173,0,645,0,1518,1,0,0
2025-02-16T12:16:22.435,2025-02-16T12:28:02.265Z,139,2,Urgência Pediátrica,0,0,0,0,246,0,124,1,0,0
2025-02-16T12:16:22.388,2025-02-16T12:28:02.265Z,139,10,Urgência Obstétrica / Ginecológica,0,0,0,0,6044,0,0,0,0,0
2025-02-16T12:22:20.061,2025-02-16T12:28:18.067Z,2076,1,Urgencia Geral,1945,0,899,0,1989,5,0,14,0,0
2025-02-16T12:22:20.093,2025-02-16T12:28:18.067Z,2076,2,Urgencia Pediatrica,0,0,0,0,2281,0,0,4,0,0
2025-02-16T12:22:20.046,2025-02-16T12:28:18.067Z,2076,4,Urgencia Ginecologica,0,0,0,0,0,0,0,0,0,0
2025-02-16T12:25:27.274,2025-02-16T12:28:18.374Z,152,1,Urgência Geral,0,0,1004,0,677,5,949,2,2286,0
2025-02-16T12:25:27.29,2025-02-16T12:28:18.374Z,152,2,Urgência Pediátrica,0,0,0,0,18,0,3817,0,0,0
2025-02-16T12:25:27.306,2025-02-16T12:28:18.374Z,152,10,Urgência Obstétrica / Ginecológica ,0,0,0,0,0,0,0,0,0,0
2025-02-16T12:25:53.547,2025-02-16T12:29:19.323Z,151,1,Urgência Geral,0,0,245,0,455,0,965,1,0,0
2025-02-16T12:16:56.502,2025-02-16T12:29:19.478Z,169,3,Urgencia Obstetrica,0,0,0,0,0,0,1407,1,0,0
2025-02-16T12:15:56.939,2025-02-16T12:29:19.618Z,168,2,Urgencia Pediatrica,0,0,364,0,805,0,188,1,0,0
2025-02-16T12:18:32.461,2025-02-16T12:29:50.855Z,222,1,Urgência Geral,0,0,0,0,2542,1,0,8,0,0
2025-02-16T12:19:16.389,2025-02-16T12:30:06.308Z,141,1,Urgência Geral,0,0,0,0,1428,0,1360,0,0,0
2025-02-16T12:19:33.712,2025-02-16T12:30:06.449Z,205,1,Urgência Geral,0,0,309,0,636,0,1135,3,0,0
2025-02-16T12:19:33.806,2025-02-16T12:30:06.449Z,205,2,Urgência Pediátrica,0,0,0,0,1224,1,2583,3,0,0
2025-02-16T12:19:33.696,2025-02-16T12:30:06.449Z,205,3,Urgência Obstétrica,0,0,0,0,0,0,0,0,0,0
2025-02-16T12:17:45.119,2025-02-16T12:30:21.981Z,145,1,Urgência Geral,0,0,106,0,733,2,1550,2,0,0
2025-02-16T12:17:44.994,2025-02-16T12:30:21.981Z,145,2,Urgência Pediátrica,0,0,0,0,541,0,2297,1,0,0
2025-02-16T12:17:45.151,2025-02-16T12:30:21.981Z,145,3,Urgência Obstétrica,0,0,0,0,0,1,0,0,0,0
2025-02-16T12:17:45.026,2025-02-16T12:30:21.981Z,145,5,Urgência Pedopsiquiátrica,0,0,0,0,0,0,0,0,0,0
2025-02-16T12:17:44.963,2025-02-16T12:30:37.527Z,318,1,Urgência Geral,0,0,0,0,333,0,0,0,0,0
2025-02-16T12:19:43.176,2025-02-16T12:30:37.695Z,184,31,SERVICO URGENCIA BASICO,0,0,0,0,5220,10,3720,1,0,0
2025-02-16T12:15:53.008,2025-02-16T12:30:37.833Z,6578,URGGER,Urgência Geral,0,0,1412,0,1202,5,0,0,0,0
2025-02-16T12:15:53.086,2025-02-16T12:30:37.833Z,6578,URGGER,Urgência Geral,0,0,0,0,1252,0,0,0,0,0
2025-02-16T12:15:53.04,2025-02-16T12:30:37.833Z,6578,URGGER,Urgência Geral,0,0,0,0,0,0,0,0,0,0
2025-02-16T12:15:53.055,2025-02-16T12:30:37.833Z,6578,URGGER,Urgência Geral,0,0,0,0,0,0,0,0,0,0
2025-02-16T12:15:53.336,2025-02-16T12:30:37.833Z,6578,URGGIN,Urgência Obstétrica/Ginecológica,0,0,0,0,0,0,0,0,0,0
2025-02-16T12:15:53.274,2025-02-16T12:30:37.833Z,6578,URGGIN,Urgência Obstétrica/Ginecológica,0,0,0,0,0,0,0,0,0,0
2025-02-16T12:15:53.243,2025-02-16T12:30:37.833Z,6578,URGGIN,Urgência Obstétrica/Ginecológica,0,0,0,0,0,0,0,0,0,0
2025-02-16T12:15:53.18,2025-02-16T12:30:37.833Z,6578,URGGIN,Urgência Obstétrica/Ginecológica,0,0,0,0,0,0,0,0,0,0
2025-02-16T12:15:53.227,2025-02-16T12:30:37.833Z,6578,URGGIN,Urgência Obstétrica/Ginecológica,0,0,0,0,0,0,0,0,0,0
2025-02-16T12:15:53.321,2025-02-16T12:30:37.833Z,6578,URGGIN,Urgência Obstétrica/Ginecológica,0,0,0,0,0,0,0,0,0,0
2025-02-16T12:15:53.29,2025-02-16T12:30:37.833Z,6578,URGGIN,Urgência Obstétrica/Ginecológica,0,0,0,0,0,0,0,0,0,0
2025-02-16T12:15:53.149,2025-02-16T12:30:37.833Z,6578,URGGIN,Urgência Obstétrica/Ginecológica,0,0,0,0,0,0,0,0,0,0
2025-02-16T12:15:53.133,2025-02-16T12:30:37.833Z,6578,URGGIN,Urgência Obstétrica/Ginecológica,0,0,0,0,0,0,0,0,0,0
2025-02-16T12:15:53.196,2025-02-16T12:30:37.833Z,6578,URGGIN,Urgência Obstétrica/Ginecológica,0,0,0,0,0,0,0,0,0,0
2025-02-16T12:15:53.102,2025-02-16T12:30:37.833Z,6578,URGGIN,Urgência Obstétrica/Ginecológica,0,0,0,0,0,0,0,0,0,0
2025-02-16T12:20:54.375,2025-02-16T12:30:39.175Z,191,1,Urgência Geral,0,0,730,0,3313,10,5774,1,0,0
2025-02-16T12:24:14.617,2025-02-16T12:30:54.738Z,177,1,Urgência Geral,0,0,615,0,574,1,1081,0,0,0
2025-02-16T12:15:17.197,2025-02-16T12:30:55.653Z,223,1,Urgência Geral,0,0,120,6,9240,14,11580,11,0,0
2025-02-16T12:15:17.243,2025-02-16T12:30:55.653Z,223,1,Urgência Geral,0,0,0,0,1320,2,0,0,0,0
2025-02-16T12:15:17.275,2025-02-16T12:30:55.653Z,223,1,Urgência Geral,0,0,0,0,60,0,300,0,0,0
2025-02-16T12:15:17.306,2025-02-16T12:30:55.653Z,223,1,Urgência Geral,0,0,0,0,0,0,0,0,0,0
2025-02-16T12:15:17.337,2025-02-16T12:30:55.653Z,223,1,Urgência Geral,0,0,0,0,0,0,0,0,0,0
2025-02-16T12:15:17.384,2025-02-16T12:30:55.653Z,223,2,Urgência Pediátrica,0,0,0,0,0,0,0,0,0,0
2025-02-16T12:15:17.431,2025-02-16T12:30:55.653Z,223,3,Urgência Obstétrica e Ginecológica,0,0,0,0,0,0,0,0,0,0
2025-02-16T12:15:17.462,2025-02-16T12:30:55.653Z,223,4,Serviço de Urgência Básica,0,0,720,1,240,3,2760,14,0,0
2025-02-16T12:26:26.622,2025-02-16T12:30:56.562Z,333,1,Urgência Geral,0,0,509,0,1893,0,5816,1,0,0
2025-02-16T12:29:01.102,2025-02-16T12:30:56.744Z,146,GER,Urgência Geral,0,0,572,1,5921,21,4352,5,0,0
2025-02-16T12:29:01.009,2025-02-16T12:30:56.744Z,146,PED,Urgência de Pediatria,0,0,480,0,1227,1,1236,6,0,1
2025-02-16T12:19:43.239,2025-02-16T12:30:57.048Z,178,1,URGENCIA PEDIATRICA,0,0,0,0,480,0,480,1,0,0
2025-02-16T12:19:42.911,2025-02-16T12:30:57.048Z,178,5,EMERGENCIA,0,0,3600,0,1740,3,2220,0,0,0
2025-02-16T12:19:42.989,2025-02-16T12:30:57.048Z,178,5,EMERGENCIA,0,0,0,0,0,0,0,0,0,0
2025-02-16T12:19:43.036,2025-02-16T12:30:57.048Z,178,5,EMERGENCIA,0,0,660,1,0,0,0,0,0,0
2025-02-16T12:20:44.625,2025-02-16T12:31:12.782Z,173,1,Urgência Geral,0,0,186,0,387,2,700,0,0,0
2025-02-16T12:20:44.648,2025-02-16T12:31:12.782Z,173,2,Urgência Pediátrica,0,0,0,0,1337,0,290,0,0,0
2025-02-16T12:20:54.397,2025-02-16T12:31:28.443Z,405,1,Urgência Geral,0,0,0,0,26,0,0,0,0,0
2025-02-16T12:19:52.936,2025-02-16T12:31:28.627Z,135,1,Urgência Geral,0,0,207,0,232,3,382,0,0,0
2025-02-16T12:19:52.889,2025-02-16T12:31:43.997Z,137,1,Urgência Geral,0,0,1030,0,3693,3,5712,1,0,0
2025-02-16T12:25:53.266,2025-02-16T12:32:15.090Z,171,1,Urgencia Geral,186,0,659,1,1373,8,2453,4,1016,1
2025-02-16T12:26:56.568,2025-02-16T12:32:15.985Z,172,3,Urgencia Obstetrica,0,0,0,0,0,0,1468,1,0,0
2025-02-16T12:21:16.284,2025-02-16T12:32:31.267Z,238,CHUA050D,Urgência Geral,0,0,0,0,0,0,0,0,0,0
2025-02-16T12:21:16.33,2025-02-16T12:32:31.267Z,238,CHUA050D,Urgência Geral,0,0,0,0,0,0,0,0,0,0
2025-02-16T12:21:16.565,2025-02-16T12:32:31.267Z,238,CHUA050D,Urgência Geral,0,0,0,0,252,1,730,1,0,0
2025-02-16T12:21:16.503,2025-02-16T12:32:31.267Z,238,CHUA050D,Urgência Geral,0,0,1300,0,21535,6,0,0,0,0
2025-02-16T12:21:16.393,2025-02-16T12:32:31.267Z,238,CHUA75E4,Urgência Pediatria,0,0,0,0,0,0,0,0,0,0
